account number;name;sku;quantity;unit price;ext price;date
740150;Barton LLC;B1-20000;39;86.69;3380.91;01.01.2014 7:21
714466;Trantow-Barrows;S2-77896;-1;63.16;-63.16;01.01.2014 10:00
218895;Kulas Inc;B1-69924;23;90.7;2086.1;01.01.2014 13:24
307599;Kassulke, Ondricka and Metz;S1-65481;41;21.май;863.05;01.01.2014 15:05
412290;Jerde-Hilpert;S2-34077;6;83.21;499.26;01.01.2014 23:26
714466;Trantow-Barrows;S2-77896;17;87.63;1489.71;02.01.2014 10:07
218895;Kulas Inc;B1-65551;2;31.янв;62.2;02.01.2014 10:57
729833;Koepp Ltd;S1-30248;8;33.25;266;03.01.2014 6:32
714466;Trantow-Barrows;S1-50961;22;84.09;1849.98;03.01.2014 11:29
737550;Fritsch, Russel and Anderson;S2-82423;14;81.92;1146.88;03.01.2014 19:07
146832;Kiehn-Spinka;S2-82423;15;67.74;1016.1;03.01.2014 19:39
688981;Keeling LLC;S2-00301;7;20.26;141.82;04.01.2014 0:02
786968;Frami, Hills and Schmidt;S2-23246;6;61.31;367.86;04.01.2014 6:51
307599;Kassulke, Ondricka and Metz;S2-10342;17;дек.44;211.48;04.01.2014 7:53
737550;Fritsch, Russel and Anderson;B1-53102;23;71.56;1645.88;04.01.2014 8:57
239344;Stokes LLC;S1-06532;34;71.51;2431.34;04.01.2014 11:34
672390;Kuhn-Gusikowski;S1-30248;14;72.75;1018.5;04.01.2014 19:59
239344;Stokes LLC;B1-50809;14;16.23;227.22;04.01.2014 22:14
141962;Herman LLC;S1-82801;10;94.3;943;05.01.2014 15:12
412290;Jerde-Hilpert;S2-00301;33;31.18;1028.94;05.01.2014 22:39
424914;White-Trantow;S2-00301;45;96.95;4362.75;06.01.2014 8:20
527099;Sanford and Sons;S1-30248;24;50.29;1206.96;06.01.2014 14:14
786968;Frami, Hills and Schmidt;B1-04202;2;52.41;104.82;06.01.2014 15:53
714466;Trantow-Barrows;S1-30248;-1;16.97;-16.97;06.01.2014 18:27
786968;Frami, Hills and Schmidt;S2-83881;34;60.41;2053.94;06.01.2014 23:38
729833;Koepp Ltd;S2-78676;5;14.75;73.75;07.01.2014 0:29
737550;Fritsch, Russel and Anderson;B1-53636;42;42.06;1766.52;08.01.2014 0:02
672390;Kuhn-Gusikowski;S2-83881;42;63.87;2682.54;08.01.2014 10:00
714466;Trantow-Barrows;B1-38851;4;60.04;240.16;08.01.2014 11:50
729833;Koepp Ltd;B1-86481;6;81.79;490.74;08.01.2014 17:46
642753;Pollich LLC;S1-93683;4;87.18;348.72;09.01.2014 0:57
714466;Trantow-Barrows;B1-33087;32;19.56;625.92;09.01.2014 10:16
737550;Fritsch, Russel and Anderson;S1-27722;20;29.54;590.8;09.01.2014 13:20
218895;Kulas Inc;S1-06532;3;22.36;67.08;09.01.2014 23:58
307599;Kassulke, Ondricka and Metz;S2-78676;35;33.04;1156.4;10.01.2014 5:26
527099;Sanford and Sons;S1-27722;48;43.4;2083.2;10.01.2014 10:59
218895;Kulas Inc;S2-34077;16;73.04;1168.64;10.01.2014 12:07
383080;Will LLC;S2-23246;23;59.98;1379.54;10.01.2014 13:44
383080;Will LLC;B1-05914;25;98.46;2461.5;10.01.2014 15:12
729833;Koepp Ltd;B1-33364;7;окт.87;76.09;10.01.2014 22:07
714466;Trantow-Barrows;B1-65551;48;69.36;3329.28;10.01.2014 23:01
146832;Kiehn-Spinka;S2-16558;22;87.91;1934.02;11.01.2014 21:48
737550;Fritsch, Russel and Anderson;S1-93683;22;71.68;1576.96;11.01.2014 23:47
218895;Kulas Inc;B1-50809;43;47.21;2030.03;12.01.2014 1:54
729833;Koepp Ltd;S1-06532;41;80.59;3304.19;12.01.2014 4:47
729833;Koepp Ltd;S2-78676;12;41.27;495.24;13.01.2014 0:05
383080;Will LLC;S1-93683;45;56.61;2547.45;13.01.2014 2:41
218895;Kulas Inc;S1-47412;1;94.01;94.01;13.01.2014 8:36
412290;Jerde-Hilpert;S2-77896;12;42.93;515.16;13.01.2014 13:19
141962;Herman LLC;B1-53636;4;18.72;74.88;13.01.2014 20:50
672390;Kuhn-Gusikowski;S2-23246;25;22.76;569;13.01.2014 23:16
257198;Cronin, Oberbrunner and Spencer;B1-05914;8;23.май;184.4;14.01.2014 1:57
424914;White-Trantow;S2-10342;4;20.67;82.68;14.01.2014 15:07
412290;Jerde-Hilpert;B1-04202;42;86.4;3628.8;14.01.2014 15:18
141962;Herman LLC;S2-00301;22;48.85;1074.7;14.01.2014 23:01
688981;Keeling LLC;S2-16558;11;83.56;919.16;15.01.2014 6:52
412290;Jerde-Hilpert;S2-10342;6;69.92;419.52;15.01.2014 8:32
672390;Kuhn-Gusikowski;S1-30248;12;36.53;438.36;15.01.2014 9:12
307599;Kassulke, Ondricka and Metz;B1-20000;22;37.87;833.14;15.01.2014 16:22
141962;Herman LLC;S1-82801;2;12.янв;24.фев;15.01.2014 17:49
412290;Jerde-Hilpert;S2-16558;16;80.93;1294.88;16.01.2014 5:51
424914;White-Trantow;B1-38851;47;86.32;4057.04;16.01.2014 6:57
141962;Herman LLC;B1-33364;16;13.34;213.44;16.01.2014 9:21
737550;Fritsch, Russel and Anderson;S2-77896;41;38.43;1575.63;16.01.2014 22:39
672390;Kuhn-Gusikowski;B1-65551;17;50.83;864.11;17.01.2014 5:37
218895;Kulas Inc;S1-93683;43;21.72;933.96;17.01.2014 16:18
714466;Trantow-Barrows;B1-04202;16;91.09;1457.44;17.01.2014 18:01
604255;Halvorson, Crona and Champlin;B1-65551;34;62.86;2137.24;17.01.2014 19:00
424914;White-Trantow;B1-53636;44;33.07;1455.08;18.01.2014 1:09
737550;Fritsch, Russel and Anderson;S2-82423;13;24.98;324.74;18.01.2014 6:32
307599;Kassulke, Ondricka and Metz;S2-10342;44;96.79;4258.76;18.01.2014 6:32
146832;Kiehn-Spinka;S1-93683;26;52.07;1353.82;18.01.2014 10:21
383080;Will LLC;S2-83881;35;93.37;3267.95;18.01.2014 11:01
146832;Kiehn-Spinka;S1-50961;39;17.72;691.08;18.01.2014 11:34
383080;Will LLC;S2-77896;14;23.95;335.3;18.01.2014 12:28
714466;Trantow-Barrows;S2-23246;49;73.5;3601.5;18.01.2014 18:30
146832;Kiehn-Spinka;S1-30248;1;31.17;31.17;18.01.2014 22:26
527099;Sanford and Sons;S1-47412;27;77.69;2097.63;18.01.2014 23:43
642753;Pollich LLC;S1-50961;3;20.27;60.81;19.01.2014 0:12
604255;Halvorson, Crona and Champlin;S1-27722;34;88.99;3025.66;19.01.2014 10:16
729833;Koepp Ltd;S2-00301;9;56.32;506.88;19.01.2014 10:34
786968;Frami, Hills and Schmidt;S1-27722;18;33.64;605.52;19.01.2014 11:45
786968;Frami, Hills and Schmidt;B1-33087;22;79.82;1756.04;19.01.2014 21:53
412290;Jerde-Hilpert;S1-82801;16;18.96;303.36;19.01.2014 22:40
688981;Keeling LLC;B1-53102;13;64.38;836.94;20.01.2014 0:00
740150;Barton LLC;B1-50809;8;19.июн;156.8;20.01.2014 1:48
672390;Kuhn-Gusikowski;S1-27722;3;36.97;110.91;20.01.2014 2:29
141962;Herman LLC;S2-34077;44;90.23;3970.12;20.01.2014 7:27
218895;Kulas Inc;S2-83881;41;78.27;3209.07;20.01.2014 9:37
383080;Will LLC;B1-33364;26;90.19;2344.94;20.01.2014 9:39
604255;Halvorson, Crona and Champlin;S2-11481;37;96.71;3578.27;20.01.2014 13:07
740150;Barton LLC;B1-53102;1;68.06;68.06;20.01.2014 13:27
527099;Sanford and Sons;B1-05914;18;64.32;1157.76;20.01.2014 21:40
383080;Will LLC;B1-53636;37;14.апр;532.8;20.01.2014 22:18
714466;Trantow-Barrows;S2-77896;48;37.8;1814.4;21.01.2014 5:05
218895;Kulas Inc;S2-16558;20;57.96;1159.2;21.01.2014 18:16
740150;Barton LLC;S2-16558;2;90.91;181.82;21.01.2014 21:21
383080;Will LLC;B1-33364;43;81.07;3486.01;21.01.2014 23:08
688981;Keeling LLC;B1-65551;22;22.мар;484.66;22.01.2014 0:09
740150;Barton LLC;B1-86481;20;30.41;608.2;22.01.2014 16:33
786968;Frami, Hills and Schmidt;S2-34077;16;14.янв;224.16;22.01.2014 17:01
737550;Fritsch, Russel and Anderson;B1-53102;34;99.48;3382.32;22.01.2014 22:00
218895;Kulas Inc;S1-93683;21;49.59;1041.39;22.01.2014 23:49
729833;Koepp Ltd;S2-11481;42;68.76;2887.92;23.01.2014 2:37
729833;Koepp Ltd;B1-05914;46;43.84;2016.64;23.01.2014 20:40
740150;Barton LLC;S1-06532;10;65.87;658.7;24.01.2014 0:00
163416;Purdy-Kunde;S1-47412;31;54.32;1683.92;24.01.2014 4:14
424914;White-Trantow;S2-78676;39;21.сен;854.1;24.01.2014 8:40
527099;Sanford and Sons;S1-82801;38;78.91;2998.58;24.01.2014 14:15
218895;Kulas Inc;B1-86481;37;95.87;3547.19;24.01.2014 21:42
257198;Cronin, Oberbrunner and Spencer;S2-16558;41;23.35;957.35;25.01.2014 23:53
642753;Pollich LLC;S2-83881;43;13.83;594.69;26.01.2014 7:13
672390;Kuhn-Gusikowski;B1-33087;18;90.34;1626.12;26.01.2014 8:34
239344;Stokes LLC;S2-82423;34;92.67;3150.78;26.01.2014 12:10
163416;Purdy-Kunde;B1-05914;35;85.87;3005.45;26.01.2014 20:08
737550;Fritsch, Russel and Anderson;B1-65551;49;19.14;937.86;27.01.2014 1:59
412290;Jerde-Hilpert;S2-16558;27;ноя.77;317.79;27.01.2014 2:45
740150;Barton LLC;S1-47412;27;36.12;975.24;27.01.2014 5:48
141962;Herman LLC;B1-05914;30;80.49;2414.7;27.01.2014 7:26
141962;Herman LLC;S2-82423;40;50.87;2034.8;27.01.2014 15:18
688981;Keeling LLC;S2-83881;35;29.14;1019.9;28.01.2014 6:50
412290;Jerde-Hilpert;S2-23246;28;30.67;858.76;28.01.2014 8:27
688981;Keeling LLC;S1-65481;26;30.июн;781.56;28.01.2014 10:44
424914;White-Trantow;S2-16558;42;68.86;2892.12;28.01.2014 15:12
737550;Fritsch, Russel and Anderson;S1-65481;47;45.71;2148.37;28.01.2014 15:49
740150;Barton LLC;B1-33364;6;24.64;147.84;28.01.2014 16:28
604255;Halvorson, Crona and Champlin;S2-83881;25;50.24;1256;30.01.2014 3:09
412290;Jerde-Hilpert;B1-53636;42;57.33;2407.86;30.01.2014 11:14
688981;Keeling LLC;B1-04202;27;98.66;2663.82;30.01.2014 22:54
383080;Will LLC;S2-11481;17;67.71;1151.07;30.01.2014 23:25
737550;Fritsch, Russel and Anderson;S1-50961;1;34.81;34.81;30.01.2014 23:56
146832;Kiehn-Spinka;B1-53636;33;93.07;3071.31;31.01.2014 2:53
729833;Koepp Ltd;S2-16558;24;27.дек;650.88;31.01.2014 19:43
383080;Will LLC;B1-05914;43;80.17;3447.31;31.01.2014 22:51
383080;Will LLC;B1-20000;7;33.69;235.83;01.02.2014 9:04
412290;Jerde-Hilpert;S1-27722;11;21.дек;232.32;01.02.2014 11:51
412290;Jerde-Hilpert;B1-86481;3;35.99;107.97;01.02.2014 17:24
412290;Jerde-Hilpert;B1-20000;23;78.9;1814.7;01.02.2014 19:56
672390;Kuhn-Gusikowski;S1-06532;48;55.82;2679.36;02.02.2014 3:45
383080;Will LLC;S1-82801;21;13.62;286.02;02.02.2014 12:45
714466;Trantow-Barrows;S1-06532;9;92.55;832.95;02.02.2014 17:40
239344;Stokes LLC;S1-47412;44;78.91;3472.04;02.02.2014 19:58
672390;Kuhn-Gusikowski;S1-27722;36;25.42;915.12;03.02.2014 1:28
307599;Kassulke, Ondricka and Metz;S1-27722;32;95.66;3061.12;03.02.2014 11:27
642753;Pollich LLC;B1-33087;23;22.55;518.65;04.02.2014 3:53
642753;Pollich LLC;B1-33364;3;72.3;216.9;04.02.2014 5:19
688981;Keeling LLC;B1-20000;-1;72.18;-72.18;04.02.2014 7:43
163416;Purdy-Kunde;B1-05914;33;16.83;555.39;04.02.2014 19:29
257198;Cronin, Oberbrunner and Spencer;S1-30248;23;13.42;308.66;04.02.2014 19:52
737550;Fritsch, Russel and Anderson;S1-47412;40;51.01;2040.4;05.02.2014 1:20
383080;Will LLC;B1-53102;26;41.88;1088.88;05.02.2014 6:16
729833;Koepp Ltd;S1-30248;14;19.96;279.44;05.02.2014 16:03
714466;Trantow-Barrows;B1-86481;31;62.07;1924.17;05.02.2014 19:18
424914;White-Trantow;S1-47412;43;46.49;1999.07;05.02.2014 22:45
218895;Kulas Inc;B1-20000;10;90.8;908;06.02.2014 4:02
714466;Trantow-Barrows;S2-11481;45;24.38;1097.1;06.02.2014 15:31
141962;Herman LLC;B1-50809;9;46.02;414.18;06.02.2014 15:56
218895;Kulas Inc;S1-06532;36;59.4;2138.4;06.02.2014 20:06
740150;Barton LLC;S1-93683;21;окт.34;217.14;07.02.2014 8:34
737550;Fritsch, Russel and Anderson;S1-06532;34;18.69;635.46;07.02.2014 9:22
239344;Stokes LLC;B1-53102;5;76.65;383.25;07.02.2014 21:52
239344;Stokes LLC;B1-53636;6;98.83;592.98;07.02.2014 22:34
412290;Jerde-Hilpert;S1-82801;40;23.24;929.6;08.02.2014 1:14
424914;White-Trantow;B1-53102;20;67.22;1344.4;08.02.2014 4:18
714466;Trantow-Barrows;B1-05914;33;43.11;1422.63;08.02.2014 10:34
146832;Kiehn-Spinka;S2-23246;29;82.52;2393.08;08.02.2014 17:55
424914;White-Trantow;S2-34077;6;52.48;314.88;08.02.2014 23:53
239344;Stokes LLC;B1-53636;37;79.34;2935.58;09.02.2014 1:22
257198;Cronin, Oberbrunner and Spencer;S1-82801;46;25.66;1180.36;09.02.2014 5:16
141962;Herman LLC;B1-33087;27;31.42;848.34;09.02.2014 21:13
604255;Halvorson, Crona and Champlin;S2-83881;19;82.23;1562.37;09.02.2014 22:04
163416;Purdy-Kunde;S1-06532;49;17.88;876.12;10.02.2014 5:46
412290;Jerde-Hilpert;S2-34077;-1;37.88;-37.88;10.02.2014 7:12
688981;Keeling LLC;B1-69924;5;49.93;249.65;10.02.2014 10:25
604255;Halvorson, Crona and Champlin;B1-38851;46;70.65;3249.9;10.02.2014 17:26
412290;Jerde-Hilpert;S2-23246;3;73.82;221.46;11.02.2014 2:26
383080;Will LLC;B1-53102;45;89.22;4014.9;11.02.2014 4:14
604255;Halvorson, Crona and Champlin;B1-53102;12;47.95;575.4;11.02.2014 4:29
604255;Halvorson, Crona and Champlin;S1-47412;39;13.76;536.64;11.02.2014 8:28
257198;Cronin, Oberbrunner and Spencer;B1-38851;47;42.82;2012.54;11.02.2014 15:33
163416;Purdy-Kunde;S1-93683;22;окт.72;235.84;11.02.2014 17:43
257198;Cronin, Oberbrunner and Spencer;B1-53636;32;42.76;1368.32;11.02.2014 21:35
740150;Barton LLC;S2-10342;47;96.68;4543.96;12.02.2014 3:36
740150;Barton LLC;B1-38851;3;79.49;238.47;12.02.2014 5:09
146832;Kiehn-Spinka;B1-53636;9;13.38;120.42;12.02.2014 13:17
527099;Sanford and Sons;S2-78676;25;64.82;1620.5;12.02.2014 14:33
218895;Kulas Inc;S2-78676;36;65.86;2370.96;12.02.2014 19:46
412290;Jerde-Hilpert;S2-78676;19;43.17;820.23;13.02.2014 12:35
424914;White-Trantow;S2-83881;42;88.4;3712.8;13.02.2014 18:40
163416;Purdy-Kunde;S2-16558;40;86.08;3443.2;13.02.2014 18:49
714466;Trantow-Barrows;S1-30248;30;71.02;2130.6;14.02.2014 2:16
257198;Cronin, Oberbrunner and Spencer;B1-53102;11;86.26;948.86;14.02.2014 13:19
714466;Trantow-Barrows;S1-93683;25;46.09;1152.25;14.02.2014 18:30
714466;Trantow-Barrows;S2-77896;34;18.37;624.58;14.02.2014 20:29
239344;Stokes LLC;S2-83881;30;43;1290;15.02.2014 2:13
740150;Barton LLC;B1-20000;28;81.39;2278.92;15.02.2014 7:45
424914;White-Trantow;S1-93683;9;51.71;465.39;15.02.2014 14:15
257198;Cronin, Oberbrunner and Spencer;S1-27722;28;окт.21;285.88;15.02.2014 17:27
146832;Kiehn-Spinka;B1-53102;6;92.89;557.34;16.02.2014 3:32
218895;Kulas Inc;S2-82423;39;65.73;2563.47;16.02.2014 4:51
737550;Fritsch, Russel and Anderson;S1-27722;15;70.23;1053.45;16.02.2014 18:24
424914;White-Trantow;B1-69924;23;95.27;2191.21;17.02.2014 11:25
740150;Barton LLC;B1-38851;17;81.22;1380.74;17.02.2014 17:12
672390;Kuhn-Gusikowski;S2-82423;36;79.02;2844.72;18.02.2014 1:44
141962;Herman LLC;B1-33364;44;25.37;1116.28;18.02.2014 13:55
424914;White-Trantow;B1-50809;40;30.27;1210.8;18.02.2014 18:12
424914;White-Trantow;S1-82801;13;43.88;570.44;19.02.2014 7:17
239344;Stokes LLC;B1-53102;6;66.49;398.94;19.02.2014 7:37
604255;Halvorson, Crona and Champlin;S2-11481;8;74.26;594.08;19.02.2014 22:20
383080;Will LLC;B1-69924;33;95.39;3147.87;20.02.2014 6:16
714466;Trantow-Barrows;S1-65481;2;82.21;164.42;20.02.2014 11:45
527099;Sanford and Sons;S2-10342;25;88.2;2205;20.02.2014 14:31
737550;Fritsch, Russel and Anderson;S2-34077;26;93.35;2427.1;20.02.2014 18:45
163416;Purdy-Kunde;B1-65551;9;48.28;434.52;21.02.2014 4:32
737550;Fritsch, Russel and Anderson;S1-93683;31;окт.52;326.12;21.02.2014 13:55
729833;Koepp Ltd;B1-04202;2;25.98;51.96;21.02.2014 14:08
257198;Cronin, Oberbrunner and Spencer;B1-53636;47;50.4;2368.8;21.02.2014 20:25
786968;Frami, Hills and Schmidt;B1-20000;28;89.59;2508.52;21.02.2014 22:09
527099;Sanford and Sons;S1-65481;4;61.28;245.12;22.02.2014 6:43
141962;Herman LLC;B1-38851;20;72.88;1457.6;22.02.2014 16:39
688981;Keeling LLC;B1-38851;40;51.03;2041.2;22.02.2014 17:44
218895;Kulas Inc;B1-33087;47;59.7;2805.9;22.02.2014 20:44
257198;Cronin, Oberbrunner and Spencer;S1-47412;43;96.8;4162.4;23.02.2014 14:26
786968;Frami, Hills and Schmidt;S1-93683;33;48.97;1616.01;23.02.2014 19:12
257198;Cronin, Oberbrunner and Spencer;B1-33087;23;58.28;1340.44;24.02.2014 5:24
737550;Fritsch, Russel and Anderson;S2-82423;46;67.67;3112.82;24.02.2014 8:35
740150;Barton LLC;B1-33087;35;93.25;3263.75;25.02.2014 2:55
239344;Stokes LLC;S1-82801;43;35.75;1537.25;25.02.2014 7:32
604255;Halvorson, Crona and Champlin;B1-86481;9;62.64;563.76;25.02.2014 15:25
146832;Kiehn-Spinka;S1-50961;11;35.48;390.28;26.02.2014 2:24
141962;Herman LLC;B1-69924;21;95;1995;26.02.2014 19:08
383080;Will LLC;S2-23246;47;окт.93;513.71;26.02.2014 20:41
383080;Will LLC;B1-20000;4;35.04;140.16;26.02.2014 23:56
672390;Kuhn-Gusikowski;S1-93683;10;34.96;349.6;27.02.2014 2:58
424914;White-Trantow;S1-93683;-1;25.янв;-25.01;27.02.2014 10:32
383080;Will LLC;S1-93683;41;97.29;3988.89;27.02.2014 14:54
714466;Trantow-Barrows;S2-11481;46;39.61;1822.06;27.02.2014 16:12
740150;Barton LLC;S1-30248;21;14.май;295.05;28.02.2014 2:29
218895;Kulas Inc;B1-69924;44;72.43;3186.92;28.02.2014 8:42
383080;Will LLC;B1-53102;6;32.8;196.8;28.02.2014 17:35
688981;Keeling LLC;S2-23246;18;64.71;1164.78;28.02.2014 23:21
642753;Pollich LLC;B1-04202;8;95.86;766.88;28.02.2014 23:47
163416;Purdy-Kunde;S1-30248;19;65.03;1235.57;01.03.2014 16:07
527099;Sanford and Sons;S2-82423;3;76.21;228.63;01.03.2014 17:18
527099;Sanford and Sons;B1-50809;8;70.78;566.24;01.03.2014 18:53
737550;Fritsch, Russel and Anderson;B1-50809;20;50.11;1002.2;01.03.2014 23:47
688981;Keeling LLC;B1-86481;-1;97.16;-97.16;02.03.2014 1:46
729833;Koepp Ltd;S1-82801;26;50.29;1307.54;02.03.2014 2:59
307599;Kassulke, Ondricka and Metz;S1-93683;-1;86.38;-86.38;02.03.2014 3:29
412290;Jerde-Hilpert;S2-23246;27;58.87;1589.49;02.03.2014 12:10
307599;Kassulke, Ondricka and Metz;S2-34077;48;53.36;2561.28;02.03.2014 14:12
141962;Herman LLC;S2-10342;49;31.39;1538.11;02.03.2014 23:08
257198;Cronin, Oberbrunner and Spencer;S2-16558;7;26.21;183.47;03.03.2014 0:29
257198;Cronin, Oberbrunner and Spencer;S2-23246;40;49.19;1967.6;03.03.2014 10:17
688981;Keeling LLC;B1-38851;25;74.68;1867;03.03.2014 18:18
239344;Stokes LLC;S1-82801;41;78.9;3234.9;04.03.2014 1:06
218895;Kulas Inc;S2-78676;38;89.02;3382.76;04.03.2014 1:17
642753;Pollich LLC;S2-10342;40;56.85;2274;04.03.2014 1:49
737550;Fritsch, Russel and Anderson;S2-83881;12;63.6;763.2;04.03.2014 15:26
146832;Kiehn-Spinka;B1-53636;5;72.16;360.8;04.03.2014 21:18
412290;Jerde-Hilpert;S2-77896;43;76.66;3296.38;04.03.2014 23:10
383080;Will LLC;S1-93683;28;90.86;2544.08;05.03.2014 5:11
729833;Koepp Ltd;S1-30248;13;44.84;582.92;05.03.2014 17:33
424914;White-Trantow;S2-82423;38;50.93;1935.34;05.03.2014 21:40
672390;Kuhn-Gusikowski;S1-50961;34;48.2;1638.8;06.03.2014 11:59
239344;Stokes LLC;S2-10342;34;36.93;1255.62;06.03.2014 23:49
218895;Kulas Inc;S2-34077;30;99.73;2991.9;07.03.2014 5:15
672390;Kuhn-Gusikowski;B1-05914;25;89.86;2246.5;07.03.2014 6:25
740150;Barton LLC;S1-82801;29;60.81;1763.49;07.03.2014 10:24
218895;Kulas Inc;B1-20000;23;99.57;2290.11;07.03.2014 13:34
257198;Cronin, Oberbrunner and Spencer;S1-30248;14;91.37;1279.18;07.03.2014 16:21
672390;Kuhn-Gusikowski;S2-83881;26;88.38;2297.88;07.03.2014 20:18
424914;White-Trantow;B1-53636;44;59.93;2636.92;07.03.2014 21:16
307599;Kassulke, Ondricka and Metz;S2-10342;4;дек.99;51.96;07.03.2014 23:59
383080;Will LLC;B1-20000;45;29.сен;1345.5;08.03.2014 1:50
527099;Sanford and Sons;S2-82423;44;23.мар;1025.2;09.03.2014 0:18
146832;Kiehn-Spinka;S2-77896;27;70.76;1910.52;09.03.2014 11:05
642753;Pollich LLC;B1-05914;15;65.5;982.5;09.03.2014 11:22
786968;Frami, Hills and Schmidt;S1-65481;14;44.67;625.38;09.03.2014 19:13
527099;Sanford and Sons;S1-82801;35;95.17;3330.95;09.03.2014 19:13
257198;Cronin, Oberbrunner and Spencer;S2-23246;43;87.4;3758.2;10.03.2014 5:39
527099;Sanford and Sons;B1-65551;6;58.04;348.24;10.03.2014 5:52
218895;Kulas Inc;S1-47412;21;94.45;1983.45;10.03.2014 11:02
729833;Koepp Ltd;S2-10342;12;93.64;1123.68;10.03.2014 13:08
412290;Jerde-Hilpert;S1-82801;26;74.79;1944.54;11.03.2014 2:49
642753;Pollich LLC;S2-77896;13;48.14;625.82;11.03.2014 6:19
218895;Kulas Inc;B1-33364;17;93.01;1581.17;11.03.2014 8:20
307599;Kassulke, Ondricka and Metz;S1-50961;28;34.87;976.36;11.03.2014 10:49
146832;Kiehn-Spinka;S1-93683;17;окт.63;180.71;11.03.2014 12:43
383080;Will LLC;S1-82801;3;77.06;231.18;11.03.2014 16:38
672390;Kuhn-Gusikowski;B1-38851;44;48.69;2142.36;12.03.2014 1:09
307599;Kassulke, Ondricka and Metz;S2-82423;5;18.88;94.4;12.03.2014 5:21
257198;Cronin, Oberbrunner and Spencer;S1-93683;34;79.57;2705.38;12.03.2014 8:58
729833;Koepp Ltd;B1-38851;2;61.18;122.36;13.03.2014 8:21
146832;Kiehn-Spinka;S2-77896;1;96.07;96.07;13.03.2014 9:41
239344;Stokes LLC;B1-38851;27;50.42;1361.34;13.03.2014 11:54
672390;Kuhn-Gusikowski;S1-93683;5;95.4;477;14.03.2014 0:19
412290;Jerde-Hilpert;S2-10342;13;70.43;915.59;14.03.2014 10:04
714466;Trantow-Barrows;B1-33087;43;32.77;1409.11;14.03.2014 12:47
604255;Halvorson, Crona and Champlin;S1-47412;27;25.69;693.63;14.03.2014 16:01
672390;Kuhn-Gusikowski;S1-47412;11;75.08;825.88;14.03.2014 16:15
786968;Frami, Hills and Schmidt;B1-33087;27;84.05;2269.35;14.03.2014 22:57
146832;Kiehn-Spinka;S2-78676;26;42.67;1109.42;14.03.2014 23:19
239344;Stokes LLC;B1-20000;32;14;448;15.03.2014 2:48
146832;Kiehn-Spinka;B1-20000;41;98.48;4037.68;15.03.2014 12:28
688981;Keeling LLC;B1-86481;27;84.31;2276.37;15.03.2014 15:21
740150;Barton LLC;B1-20000;20;73.93;1478.6;15.03.2014 18:21
141962;Herman LLC;S1-47412;38;36.67;1393.46;16.03.2014 12:33
672390;Kuhn-Gusikowski;S1-93683;36;59.16;2129.76;16.03.2014 13:04
163416;Purdy-Kunde;S2-78676;6;16.89;101.34;16.03.2014 22:32
740150;Barton LLC;S2-83881;12;22.62;271.44;17.03.2014 2:39
383080;Will LLC;S1-50961;22;76.82;1690.04;17.03.2014 5:49
163416;Purdy-Kunde;S1-47412;45;35.11;1579.95;17.03.2014 7:18
714466;Trantow-Barrows;S2-16558;20;78.23;1564.6;17.03.2014 9:03
257198;Cronin, Oberbrunner and Spencer;S1-82801;22;12.янв;264.22;17.03.2014 10:05
146832;Kiehn-Spinka;S1-47412;13;81.92;1064.96;17.03.2014 10:29
672390;Kuhn-Gusikowski;B1-20000;30;89.37;2681.1;17.03.2014 19:59
412290;Jerde-Hilpert;B1-65551;32;64.37;2059.84;17.03.2014 22:14
412290;Jerde-Hilpert;B1-65551;11;50.79;558.69;18.03.2014 7:22
786968;Frami, Hills and Schmidt;B1-04202;30;29.22;876.6;18.03.2014 15:01
163416;Purdy-Kunde;S2-00301;10;28.81;288.1;18.03.2014 19:43
218895;Kulas Inc;S2-78676;26;89.38;2323.88;19.03.2014 0:07
239344;Stokes LLC;B1-53636;34;51.3;1744.2;19.03.2014 4:03
307599;Kassulke, Ondricka and Metz;S2-83881;45;88.54;3984.3;19.03.2014 12:50
146832;Kiehn-Spinka;B1-33087;20;16.28;325.6;20.03.2014 2:53
218895;Kulas Inc;S1-06532;12;99.3;1191.6;20.03.2014 9:49
604255;Halvorson, Crona and Champlin;S2-78676;25;42.08;1052;20.03.2014 19:43
527099;Sanford and Sons;S1-27722;34;69.76;2371.84;21.03.2014 3:36
604255;Halvorson, Crona and Champlin;B1-33087;28;61.35;1717.8;21.03.2014 5:41
672390;Kuhn-Gusikowski;B1-86481;44;дек.48;549.12;21.03.2014 5:49
688981;Keeling LLC;S2-34077;49;91.8;4498.2;21.03.2014 19:20
604255;Halvorson, Crona and Champlin;S2-00301;35;24.33;851.55;21.03.2014 20:12
688981;Keeling LLC;S1-30248;10;88.76;887.6;22.03.2014 8:57
786968;Frami, Hills and Schmidt;S1-93683;6;76.56;459.36;22.03.2014 11:19
729833;Koepp Ltd;S2-11481;18;31.43;565.74;22.03.2014 12:27
527099;Sanford and Sons;B1-53102;17;57.52;977.84;22.03.2014 17:29
737550;Fritsch, Russel and Anderson;S2-11481;47;49.22;2313.34;22.03.2014 23:44
786968;Frami, Hills and Schmidt;B1-20000;28;82.3;2304.4;23.03.2014 3:14
424914;White-Trantow;B1-33364;17;94.22;1601.74;23.03.2014 10:07
737550;Fritsch, Russel and Anderson;S1-93683;22;18.19;400.18;23.03.2014 10:33
672390;Kuhn-Gusikowski;S2-83881;23;16.45;378.35;23.03.2014 15:17
527099;Sanford and Sons;S1-82801;33;24.52;809.16;23.03.2014 18:17
714466;Trantow-Barrows;S2-34077;39;94.52;3686.28;24.03.2014 0:11
688981;Keeling LLC;S1-93683;14;16.июн;232.4;24.03.2014 4:09
412290;Jerde-Hilpert;B1-38851;36;71.97;2590.92;24.03.2014 12:48
383080;Will LLC;S1-50961;15;95.49;1432.35;24.03.2014 18:17
604255;Halvorson, Crona and Champlin;S2-77896;23;64.91;1492.93;24.03.2014 19:21
141962;Herman LLC;S1-06532;41;83.61;3428.01;24.03.2014 23:36
527099;Sanford and Sons;B1-33364;14;52.22;731.08;25.03.2014 8:26
688981;Keeling LLC;B1-04202;28;66.71;1867.88;25.03.2014 13:58
424914;White-Trantow;S2-23246;13;84.64;1100.32;25.03.2014 17:21
163416;Purdy-Kunde;B1-33087;30;32.14;964.2;26.03.2014 0:12
218895;Kulas Inc;S1-50961;49;93.69;4590.81;26.03.2014 2:23
688981;Keeling LLC;S1-06532;23;70.8;1628.4;26.03.2014 6:23
786968;Frami, Hills and Schmidt;B1-53636;31;37.51;1162.81;26.03.2014 7:24
412290;Jerde-Hilpert;S2-77896;23;62.27;1432.21;26.03.2014 10:02
218895;Kulas Inc;S1-27722;11;78.64;865.04;26.03.2014 23:07
642753;Pollich LLC;S1-47412;46;20.98;965.08;27.03.2014 1:28
257198;Cronin, Oberbrunner and Spencer;S2-00301;19;41.81;794.39;27.03.2014 3:52
786968;Frami, Hills and Schmidt;S1-47412;43;62.78;2699.54;27.03.2014 6:31
146832;Kiehn-Spinka;S1-65481;9;42.52;382.68;27.03.2014 7:23
688981;Keeling LLC;B1-38851;21;21.май;451.5;27.03.2014 9:54
688981;Keeling LLC;B1-38851;39;89.69;3497.91;27.03.2014 16:14
257198;Cronin, Oberbrunner and Spencer;S1-30248;11;58.82;647.02;27.03.2014 20:40
412290;Jerde-Hilpert;S2-82423;14;13.98;195.72;28.03.2014 6:21
714466;Trantow-Barrows;B1-86481;6;97.21;583.26;28.03.2014 14:43
239344;Stokes LLC;S2-77896;10;91.51;915.1;28.03.2014 20:08
239344;Stokes LLC;S2-11481;19;18.89;358.91;29.03.2014 2:48
714466;Trantow-Barrows;S1-06532;46;56.79;2612.34;29.03.2014 5:19
383080;Will LLC;S1-82801;38;39.94;1517.72;29.03.2014 5:20
424914;White-Trantow;B1-69924;19;32.8;623.2;29.03.2014 11:11
383080;Will LLC;B1-33087;19;56.74;1078.06;30.03.2014 0:51
604255;Halvorson, Crona and Champlin;B1-53102;32;86.77;2776.64;30.03.2014 1:14
729833;Koepp Ltd;S1-82801;28;92.14;2579.92;30.03.2014 5:44
257198;Cronin, Oberbrunner and Spencer;S2-77896;4;23.апр;92.16;30.03.2014 18:12
424914;White-Trantow;B1-38851;9;76.17;685.53;30.03.2014 23:20
239344;Stokes LLC;B1-05914;-1;57.02;-57.02;31.03.2014 6:08
604255;Halvorson, Crona and Champlin;S2-78676;18;57.02;1026.36;31.03.2014 6:53
218895;Kulas Inc;S2-34077;49;59.88;2934.12;31.03.2014 8:09
737550;Fritsch, Russel and Anderson;B1-65551;12;56.24;674.88;31.03.2014 8:43
642753;Pollich LLC;S1-93683;21;92.57;1943.97;31.03.2014 11:37
412290;Jerde-Hilpert;B1-20000;30;22.38;671.4;31.03.2014 21:41
307599;Kassulke, Ondricka and Metz;S2-16558;46;56.04;2577.84;31.03.2014 22:11
672390;Kuhn-Gusikowski;B1-04202;19;27.86;529.34;31.03.2014 23:13
383080;Will LLC;S2-34077;19;52.21;991.99;01.04.2014 2:27
714466;Trantow-Barrows;S2-00301;8;65.91;527.28;01.04.2014 17:59
307599;Kassulke, Ondricka and Metz;B1-65551;48;43.44;2085.12;01.04.2014 20:48
307599;Kassulke, Ondricka and Metz;S2-10342;37;18.44;682.28;01.04.2014 21:27
218895;Kulas Inc;S2-77896;5;52.86;264.3;01.04.2014 22:57
218895;Kulas Inc;S1-47412;42;93.63;3932.46;02.04.2014 2:27
729833;Koepp Ltd;S1-30248;2;68.02;136.04;02.04.2014 7:32
604255;Halvorson, Crona and Champlin;S1-06532;24;ноя.21;269.04;02.04.2014 19:25
786968;Frami, Hills and Schmidt;S2-16558;10;44.95;449.5;03.04.2014 5:19
672390;Kuhn-Gusikowski;S2-11481;37;33.2;1228.4;03.04.2014 14:06
424914;White-Trantow;S1-27722;33;62.22;2053.26;03.04.2014 21:12
257198;Cronin, Oberbrunner and Spencer;S2-34077;29;31.26;906.54;04.04.2014 0:17
642753;Pollich LLC;B1-86481;32;68.69;2198.08;04.04.2014 2:52
740150;Barton LLC;S1-06532;49;31.86;1561.14;04.04.2014 6:15
239344;Stokes LLC;S1-82801;1;40.61;40.61;04.04.2014 7:42
239344;Stokes LLC;B1-33087;40;85.11;3404.4;04.04.2014 23:13
412290;Jerde-Hilpert;B1-33364;46;72.58;3338.68;05.04.2014 3:44
714466;Trantow-Barrows;B1-33087;5;67.72;338.6;05.04.2014 4:07
672390;Kuhn-Gusikowski;B1-65551;9;87.71;789.39;05.04.2014 22:06
424914;White-Trantow;S1-06532;45;35;1575;05.04.2014 23:11
412290;Jerde-Hilpert;S1-47412;7;76.5;535.5;06.04.2014 3:44
163416;Purdy-Kunde;S2-00301;2;52.81;105.62;06.04.2014 8:15
218895;Kulas Inc;S1-93683;19;50.9;967.1;06.04.2014 8:46
424914;White-Trantow;S1-27722;28;23.64;661.92;06.04.2014 10:32
786968;Frami, Hills and Schmidt;S2-16558;10;17.95;179.5;06.04.2014 17:35
729833;Koepp Ltd;S2-16558;45;46.68;2100.6;06.04.2014 20:27
672390;Kuhn-Gusikowski;S1-47412;2;59.83;119.66;06.04.2014 23:26
688981;Keeling LLC;B1-38851;31;86.01;2666.31;07.04.2014 1:25
604255;Halvorson, Crona and Champlin;B1-04202;16;72.26;1156.16;07.04.2014 8:38
737550;Fritsch, Russel and Anderson;S1-27722;44;16.54;727.76;08.04.2014 0:03
642753;Pollich LLC;S2-82423;38;77.12;2930.56;08.04.2014 1:39
688981;Keeling LLC;S1-65481;16;30.14;482.24;08.04.2014 8:13
737550;Fritsch, Russel and Anderson;S2-11481;48;31.мар;1502.4;08.04.2014 11:57
412290;Jerde-Hilpert;S1-50961;25;91.04;2276;08.04.2014 22:00
714466;Trantow-Barrows;B1-50809;44;60.29;2652.76;09.04.2014 2:01
412290;Jerde-Hilpert;S1-47412;40;18.32;732.8;09.04.2014 2:16
740150;Barton LLC;S2-82423;33;90.51;2986.83;09.04.2014 9:33
527099;Sanford and Sons;S2-16558;36;90.77;3267.72;09.04.2014 22:23
218895;Kulas Inc;B1-38851;37;28.81;1065.97;09.04.2014 22:56
740150;Barton LLC;B1-50809;38;27.июн;1048.8;10.04.2014 0:40
424914;White-Trantow;B1-04202;41;99.22;4068.02;10.04.2014 20:38
141962;Herman LLC;B1-33364;48;33.97;1630.56;11.04.2014 4:35
146832;Kiehn-Spinka;B1-20000;26;74.17;1928.42;11.04.2014 5:31
740150;Barton LLC;B1-38851;10;44.06;440.6;11.04.2014 7:25
729833;Koepp Ltd;S2-77896;14;15.89;222.46;11.04.2014 7:53
729833;Koepp Ltd;S1-82801;20;46.91;938.2;11.04.2014 10:48
740150;Barton LLC;B1-65551;7;32.34;226.38;11.04.2014 17:26
688981;Keeling LLC;B1-69924;31;73.11;2266.41;11.04.2014 19:14
786968;Frami, Hills and Schmidt;B1-50809;25;94.77;2369.25;11.04.2014 20:18
424914;White-Trantow;S2-82423;1;56.56;56.56;11.04.2014 22:04
714466;Trantow-Barrows;S2-77896;22;39.42;867.24;11.04.2014 23:22
412290;Jerde-Hilpert;B1-05914;6;37.33;223.98;12.04.2014 21:56
688981;Keeling LLC;S2-78676;28;35.74;1000.72;13.04.2014 7:18
141962;Herman LLC;B1-50809;33;56.56;1866.48;13.04.2014 13:03
239344;Stokes LLC;S1-65481;28;86.31;2416.68;13.04.2014 22:21
604255;Halvorson, Crona and Champlin;S2-10342;4;38.9;155.6;13.04.2014 23:42
729833;Koepp Ltd;B1-65551;49;18.43;903.07;14.04.2014 3:44
424914;White-Trantow;S2-16558;28;76.94;2154.32;14.04.2014 6:15
424914;White-Trantow;S2-82423;29;15.21;441.09;14.04.2014 7:51
239344;Stokes LLC;S1-65481;1;51.46;51.46;14.04.2014 8:54
672390;Kuhn-Gusikowski;B1-53102;22;85.59;1882.98;14.04.2014 9:06
527099;Sanford and Sons;S1-27722;41;87.86;3602.26;14.04.2014 18:36
383080;Will LLC;B1-20000;40;51.73;2069.2;14.04.2014 22:44
383080;Will LLC;S2-10342;15;76.75;1151.25;15.04.2014 2:57
383080;Will LLC;S1-50961;7;55.89;391.23;15.04.2014 11:15
383080;Will LLC;B1-38851;3;55.51;166.53;15.04.2014 12:37
729833;Koepp Ltd;S2-00301;7;15.71;109.97;15.04.2014 16:02
239344;Stokes LLC;B1-65551;31;42.22;1308.82;15.04.2014 21:52
672390;Kuhn-Gusikowski;B1-38851;30;20.59;617.7;16.04.2014 4:42
737550;Fritsch, Russel and Anderson;B1-69924;8;53.13;425.04;16.04.2014 5:21
257198;Cronin, Oberbrunner and Spencer;B1-33087;22;15.28;336.16;16.04.2014 6:41
239344;Stokes LLC;B1-33364;3;14.43;43.29;16.04.2014 7:22
740150;Barton LLC;B1-38851;32;28.19;902.08;16.04.2014 19:11
163416;Purdy-Kunde;B1-04202;27;52.9;1428.3;17.04.2014 5:18
141962;Herman LLC;S2-77896;1;79.61;79.61;17.04.2014 7:56
740150;Barton LLC;B1-69924;-1;65.45;-65.45;17.04.2014 8:46
146832;Kiehn-Spinka;S1-47412;17;96.43;1639.31;17.04.2014 11:11
141962;Herman LLC;S1-82801;44;18.24;802.56;18.04.2014 12:02
307599;Kassulke, Ondricka and Metz;S2-83881;35;88.43;3095.05;18.04.2014 13:37
714466;Trantow-Barrows;B1-50809;24;19.66;471.84;18.04.2014 18:33
729833;Koepp Ltd;S1-06532;24;77.06;1849.44;18.04.2014 21:24
642753;Pollich LLC;S1-82801;32;51.45;1646.4;18.04.2014 23:12
146832;Kiehn-Spinka;S2-10342;13;71.77;933.01;19.04.2014 10:00
729833;Koepp Ltd;S1-50961;14;43.43;608.02;19.04.2014 11:23
642753;Pollich LLC;B1-20000;13;82.45;1071.85;20.04.2014 11:42
642753;Pollich LLC;S1-27722;25;28.41;710.25;20.04.2014 16:30
729833;Koepp Ltd;B1-20000;42;96.85;4067.7;20.04.2014 18:07
383080;Will LLC;B1-20000;5;64.5;322.5;20.04.2014 20:29
383080;Will LLC;S1-30248;16;60.97;975.52;21.04.2014 4:20
163416;Purdy-Kunde;S2-82423;43;19.92;856.56;21.04.2014 7:41
218895;Kulas Inc;S2-82423;22;29.83;656.26;21.04.2014 22:45
307599;Kassulke, Ondricka and Metz;B1-33087;10;74.39;743.9;22.04.2014 0:07
604255;Halvorson, Crona and Champlin;S1-47412;44;91.16;4011.04;22.04.2014 2:11
527099;Sanford and Sons;B1-50809;45;86.6;3897;22.04.2014 9:13
672390;Kuhn-Gusikowski;B1-33364;43;37.26;1602.18;22.04.2014 18:58
424914;White-Trantow;S1-93683;15;85.35;1280.25;23.04.2014 2:30
163416;Purdy-Kunde;B1-38851;36;67.07;2414.52;23.04.2014 9:13
729833;Koepp Ltd;S1-47412;39;87.78;3423.42;23.04.2014 16:26
740150;Barton LLC;S2-83881;6;55.13;330.78;23.04.2014 20:11
527099;Sanford and Sons;S1-27722;14;57.54;805.56;23.04.2014 21:27
737550;Fritsch, Russel and Anderson;B1-33087;47;84.11;3953.17;24.04.2014 1:09
786968;Frami, Hills and Schmidt;B1-33364;9;38.68;348.12;24.04.2014 11:59
163416;Purdy-Kunde;S1-06532;17;70.1;1191.7;24.04.2014 12:28
383080;Will LLC;B1-05914;1;26.72;26.72;24.04.2014 17:00
737550;Fritsch, Russel and Anderson;B1-38851;12;87.51;1050.12;24.04.2014 21:34
688981;Keeling LLC;S1-50961;42;16.61;697.62;24.04.2014 23:05
786968;Frami, Hills and Schmidt;B1-53102;2;46.14;92.28;25.04.2014 5:25
257198;Cronin, Oberbrunner and Spencer;B1-38851;19;79.41;1508.79;25.04.2014 18:57
146832;Kiehn-Spinka;S1-82801;11;72.42;796.62;25.04.2014 19:09
239344;Stokes LLC;B1-38851;30;95.5;2865;25.04.2014 19:49
786968;Frami, Hills and Schmidt;S2-77896;47;33.99;1597.53;25.04.2014 21:57
257198;Cronin, Oberbrunner and Spencer;S2-10342;4;16.54;66.16;26.04.2014 1:16
218895;Kulas Inc;S2-11481;31;95.2;2951.2;26.04.2014 12:33
737550;Fritsch, Russel and Anderson;S2-77896;34;38.44;1306.96;26.04.2014 17:36
307599;Kassulke, Ondricka and Metz;B1-05914;31;18.май;573.5;27.04.2014 11:24
714466;Trantow-Barrows;B1-05914;9;78.83;709.47;27.04.2014 15:59
424914;White-Trantow;S1-93683;38;73.85;2806.3;27.04.2014 16:02
239344;Stokes LLC;B1-20000;45;24.31;1093.95;27.04.2014 18:36
307599;Kassulke, Ondricka and Metz;S2-83881;35;33.95;1188.25;27.04.2014 22:02
218895;Kulas Inc;S1-06532;12;87.37;1048.44;28.04.2014 7:14
424914;White-Trantow;S2-77896;39;69.42;2707.38;28.04.2014 11:47
740150;Barton LLC;B1-50809;37;59.73;2210.01;28.04.2014 16:39
424914;White-Trantow;S1-30248;26;46.35;1205.1;28.04.2014 19:49
218895;Kulas Inc;B1-50809;4;36.25;145;28.04.2014 22:53
412290;Jerde-Hilpert;B1-05914;6;52.31;313.86;29.04.2014 2:09
163416;Purdy-Kunde;S2-11481;33;22.55;744.15;29.04.2014 8:06
737550;Fritsch, Russel and Anderson;S2-23246;8;42.14;337.12;29.04.2014 9:14
257198;Cronin, Oberbrunner and Spencer;B1-33364;49;17.71;867.79;29.04.2014 9:37
672390;Kuhn-Gusikowski;B1-65551;30;84.71;2541.3;29.04.2014 15:35
412290;Jerde-Hilpert;B1-20000;12;33.91;406.92;29.04.2014 21:12
688981;Keeling LLC;S1-65481;49;37.23;1824.27;29.04.2014 23:37
527099;Sanford and Sons;S1-50961;24;32.18;772.32;30.04.2014 7:33
740150;Barton LLC;B1-53636;31;59.13;1833.03;30.04.2014 12:04
146832;Kiehn-Spinka;B1-04202;19;50.75;964.25;30.04.2014 22:13
688981;Keeling LLC;S2-16558;25;21.59;539.75;01.05.2014 8:44
737550;Fritsch, Russel and Anderson;S2-00301;48;43.5;2088;01.05.2014 9:52
729833;Koepp Ltd;S1-50961;32;40.01;1280.32;02.05.2014 2:04
737550;Fritsch, Russel and Anderson;S2-82423;36;43.85;1578.6;02.05.2014 17:24
218895;Kulas Inc;S1-65481;33;84.18;2777.94;02.05.2014 17:30
714466;Trantow-Barrows;S1-82801;10;40.64;406.4;02.05.2014 18:42
740150;Barton LLC;B1-65551;38;40.22;1528.36;02.05.2014 22:13
527099;Sanford and Sons;S1-65481;15;50.72;760.8;03.05.2014 3:04
527099;Sanford and Sons;S1-82801;46;44.45;2044.7;03.05.2014 6:59
257198;Cronin, Oberbrunner and Spencer;S1-30248;6;15.апр;90.24;03.05.2014 18:52
141962;Herman LLC;S2-23246;45;35.65;1604.25;03.05.2014 20:14
729833;Koepp Ltd;B1-33364;20;99.33;1986.6;04.05.2014 13:07
740150;Barton LLC;S2-82423;10;74.86;748.6;04.05.2014 14:41
714466;Trantow-Barrows;B1-38851;8;27.сен;223.2;04.05.2014 18:21
146832;Kiehn-Spinka;S2-78676;12;23.май;282;04.05.2014 20:12
527099;Sanford and Sons;B1-05914;3;58.75;176.25;05.05.2014 15:27
714466;Trantow-Barrows;B1-05914;16;92.96;1487.36;05.05.2014 23:02
412290;Jerde-Hilpert;S1-30248;20;55.64;1112.8;06.05.2014 3:39
383080;Will LLC;B1-86481;22;80.47;1770.34;06.05.2014 7:57
218895;Kulas Inc;B1-20000;-1;20.53;-20.53;06.05.2014 13:31
786968;Frami, Hills and Schmidt;S2-16558;24;52.49;1259.76;06.05.2014 16:35
527099;Sanford and Sons;S2-82423;37;61.77;2285.49;07.05.2014 6:55
740150;Barton LLC;B1-50809;31;53.93;1671.83;07.05.2014 8:33
737550;Fritsch, Russel and Anderson;B1-05914;20;44.79;895.8;07.05.2014 13:25
688981;Keeling LLC;S1-82801;33;88.15;2908.95;07.05.2014 16:45
163416;Purdy-Kunde;S2-10342;12;42.59;511.08;07.05.2014 22:36
737550;Fritsch, Russel and Anderson;B1-50809;38;75.13;2854.94;07.05.2014 22:50
257198;Cronin, Oberbrunner and Spencer;B1-33087;31;37.78;1171.18;08.05.2014 3:09
163416;Purdy-Kunde;S1-47412;37;65.34;2417.58;08.05.2014 3:11
729833;Koepp Ltd;S1-27722;30;65.47;1964.1;08.05.2014 5:15
239344;Stokes LLC;S2-77896;9;85.51;769.59;08.05.2014 11:15
424914;White-Trantow;B1-33364;29;35.55;1030.95;08.05.2014 15:43
412290;Jerde-Hilpert;S2-77896;36;10.янв;363.6;08.05.2014 17:45
642753;Pollich LLC;B1-69924;45;27.62;1242.9;09.05.2014 0:53
642753;Pollich LLC;B1-69924;4;61.4;245.6;09.05.2014 4:09
642753;Pollich LLC;B1-20000;15;96.74;1451.1;10.05.2014 0:27
218895;Kulas Inc;S2-34077;30;21.58;647.4;10.05.2014 8:35
729833;Koepp Ltd;S2-77896;14;67.03;938.42;10.05.2014 14:31
257198;Cronin, Oberbrunner and Spencer;S1-47412;48;69.02;3312.96;10.05.2014 17:38
714466;Trantow-Barrows;S2-82423;23;74.25;1707.75;10.05.2014 19:15
383080;Will LLC;S1-06532;5;90.08;450.4;11.05.2014 0:45
688981;Keeling LLC;B1-69924;1;58.7;58.7;11.05.2014 1:15
307599;Kassulke, Ondricka and Metz;S2-10342;6;24.ноя;144.66;11.05.2014 9:12
642753;Pollich LLC;B1-33364;1;80.48;80.48;11.05.2014 12:19
714466;Trantow-Barrows;S2-82423;25;ноя.46;286.5;11.05.2014 14:54
527099;Sanford and Sons;S2-10342;13;66.16;860.08;11.05.2014 20:53
786968;Frami, Hills and Schmidt;S2-00301;19;58.74;1116.06;12.05.2014 1:39
218895;Kulas Inc;S2-00301;24;36.3;871.2;12.05.2014 6:28
737550;Fritsch, Russel and Anderson;B1-20000;25;95.83;2395.75;12.05.2014 20:21
424914;White-Trantow;B1-20000;8;27.97;223.76;12.05.2014 20:40
383080;Will LLC;B1-69924;18;84.16;1514.88;13.05.2014 0:43
688981;Keeling LLC;B1-05914;13;69.47;903.11;13.05.2014 1:53
141962;Herman LLC;S2-23246;2;82.82;165.64;13.05.2014 6:46
642753;Pollich LLC;S2-11481;47;25.авг;1178.76;13.05.2014 8:57
412290;Jerde-Hilpert;S2-11481;3;71.64;214.92;14.05.2014 2:18
688981;Keeling LLC;S2-34077;20;74.2;1484;14.05.2014 8:47
688981;Keeling LLC;S2-77896;12;94.78;1137.36;14.05.2014 15:48
146832;Kiehn-Spinka;S1-82801;31;44.97;1394.07;15.05.2014 10:54
383080;Will LLC;B1-69924;31;56;1736;15.05.2014 15:59
527099;Sanford and Sons;B1-69924;24;42.93;1030.32;15.05.2014 20:23
688981;Keeling LLC;S2-10342;36;30.89;1112.04;15.05.2014 21:16
257198;Cronin, Oberbrunner and Spencer;S2-83881;23;88.9;2044.7;15.05.2014 22:04
604255;Halvorson, Crona and Champlin;S1-06532;49;21.38;1047.62;16.05.2014 7:19
146832;Kiehn-Spinka;S2-11481;2;41.23;82.46;16.05.2014 20:45
218895;Kulas Inc;S2-10342;19;96.41;1831.79;16.05.2014 23:25
604255;Halvorson, Crona and Champlin;S1-93683;10;62.19;621.9;17.05.2014 3:27
218895;Kulas Inc;S1-93683;36;окт.87;391.32;17.05.2014 5:45
729833;Koepp Ltd;B1-04202;47;63.45;2982.15;17.05.2014 6:11
146832;Kiehn-Spinka;S2-34077;26;28.94;752.44;17.05.2014 20:21
729833;Koepp Ltd;S2-10342;-1;97.02;-97.02;18.05.2014 1:11
714466;Trantow-Barrows;B1-50809;3;51.6;154.8;18.05.2014 3:13
714466;Trantow-Barrows;B1-20000;4;27.май;110;18.05.2014 3:32
239344;Stokes LLC;B1-50809;19;22.мар;418.57;18.05.2014 8:39
307599;Kassulke, Ondricka and Metz;S1-27722;3;33.4;100.2;18.05.2014 19:21
412290;Jerde-Hilpert;B1-69924;9;33.42;300.78;18.05.2014 19:42
163416;Purdy-Kunde;B1-20000;49;59.33;2907.17;18.05.2014 20:27
604255;Halvorson, Crona and Champlin;S2-78676;3;78.93;236.79;19.05.2014 13:25
412290;Jerde-Hilpert;S2-34077;12;87.85;1054.2;19.05.2014 20:00
729833;Koepp Ltd;S2-83881;45;64.9;2920.5;19.05.2014 20:28
163416;Purdy-Kunde;B1-53102;39;12.ноя;472.29;19.05.2014 21:32
642753;Pollich LLC;S2-78676;45;77.61;3492.45;19.05.2014 23:21
239344;Stokes LLC;S2-00301;11;80.5;885.5;20.05.2014 11:11
729833;Koepp Ltd;S2-10342;12;24.45;293.4;20.05.2014 16:54
218895;Kulas Inc;S1-82801;40;71.52;2860.8;20.05.2014 23:15
737550;Fritsch, Russel and Anderson;S2-34077;18;85.23;1534.14;21.05.2014 8:59
786968;Frami, Hills and Schmidt;S2-23246;19;31.09;590.71;21.05.2014 19:51
527099;Sanford and Sons;S2-10342;18;18.87;339.66;22.05.2014 0:20
740150;Barton LLC;B1-69924;38;44.73;1699.74;22.05.2014 1:33
424914;White-Trantow;B1-53102;17;38.88;660.96;22.05.2014 1:39
642753;Pollich LLC;S1-50961;38;53.68;2039.84;22.05.2014 16:27
412290;Jerde-Hilpert;B1-50809;26;84.65;2200.9;22.05.2014 20:21
786968;Frami, Hills and Schmidt;S2-10342;15;31.29;469.35;23.05.2014 6:26
688981;Keeling LLC;B1-65551;32;14.69;470.08;23.05.2014 6:42
424914;White-Trantow;S2-77896;15;78.12;1171.8;23.05.2014 19:06
239344;Stokes LLC;B1-65551;45;35.73;1607.85;23.05.2014 19:53
424914;White-Trantow;S1-93683;33;84.54;2789.82;24.05.2014 6:58
672390;Kuhn-Gusikowski;B1-65551;40;32.13;1285.2;24.05.2014 9:05
163416;Purdy-Kunde;S1-47412;27;77.09;2081.43;24.05.2014 10:17
412290;Jerde-Hilpert;B1-38851;39;23.24;906.36;25.05.2014 8:54
307599;Kassulke, Ondricka and Metz;S2-82423;21;89.67;1883.07;25.05.2014 10:34
146832;Kiehn-Spinka;S1-27722;10;85.53;855.3;25.05.2014 17:18
307599;Kassulke, Ondricka and Metz;S2-10342;1;55.34;55.34;26.05.2014 0:14
527099;Sanford and Sons;B1-04202;19;38.21;725.99;26.05.2014 0:50
714466;Trantow-Barrows;B1-33364;35;38.22;1337.7;26.05.2014 6:30
740150;Barton LLC;S1-06532;27;57.47;1551.69;26.05.2014 12:38
604255;Halvorson, Crona and Champlin;S1-27722;4;65.18;260.72;26.05.2014 15:37
672390;Kuhn-Gusikowski;B1-69924;25;90.82;2270.5;26.05.2014 16:44
146832;Kiehn-Spinka;S1-50961;37;19.49;721.13;26.05.2014 18:10
527099;Sanford and Sons;S1-50961;23;82.12;1888.76;26.05.2014 18:10
688981;Keeling LLC;S2-16558;37;89.7;3318.9;27.05.2014 0:03
218895;Kulas Inc;S1-30248;35;72.61;2541.35;27.05.2014 2:50
729833;Koepp Ltd;B1-38851;-1;56.49;-56.49;27.05.2014 15:59
257198;Cronin, Oberbrunner and Spencer;B1-20000;9;15.67;141.03;28.05.2014 2:05
729833;Koepp Ltd;B1-33364;40;79.61;3184.4;28.05.2014 5:11
412290;Jerde-Hilpert;S1-50961;31;84.1;2607.1;28.05.2014 6:56
146832;Kiehn-Spinka;B1-33364;28;91.88;2572.64;28.05.2014 14:23
383080;Will LLC;S1-06532;39;69.68;2717.52;28.05.2014 14:37
740150;Barton LLC;S2-10342;37;64.14;2373.18;28.05.2014 22:17
740150;Barton LLC;B1-38851;5;64.41;322.05;28.05.2014 22:34
642753;Pollich LLC;S1-27722;42;80.44;3378.48;29.05.2014 7:08
141962;Herman LLC;S2-00301;9;84.39;759.51;29.05.2014 9:51
672390;Kuhn-Gusikowski;S1-30248;11;74.88;823.68;29.05.2014 10:50
786968;Frami, Hills and Schmidt;B1-53636;7;94.57;661.99;29.05.2014 13:15
383080;Will LLC;S2-83881;7;55.14;385.98;29.05.2014 14:08
672390;Kuhn-Gusikowski;S2-77896;22;36.53;803.66;29.05.2014 14:36
383080;Will LLC;B1-04202;6;60.81;364.86;29.05.2014 23:01
604255;Halvorson, Crona and Champlin;S2-83881;2;58.88;117.76;30.05.2014 4:24
729833;Koepp Ltd;S2-10342;40;90.41;3616.4;30.05.2014 21:15
740150;Barton LLC;B1-05914;24;13.53;324.72;31.05.2014 5:34
383080;Will LLC;B1-69924;49;59.53;2916.97;31.05.2014 7:09
527099;Sanford and Sons;S2-77896;35;71.88;2515.8;31.05.2014 13:30
412290;Jerde-Hilpert;S2-82423;28;46.02;1288.56;31.05.2014 21:44
740150;Barton LLC;S1-27722;38;64.64;2456.32;01.06.2014 14:43
146832;Kiehn-Spinka;B1-04202;42;90.47;3799.74;01.06.2014 15:04
740150;Barton LLC;S2-11481;20;31.83;636.6;01.06.2014 19:52
307599;Kassulke, Ondricka and Metz;S2-34077;46;65.76;3024.96;02.06.2014 4:13
146832;Kiehn-Spinka;S2-10342;33;57.56;1899.48;02.06.2014 16:30
412290;Jerde-Hilpert;B1-50809;22;57.78;1271.16;02.06.2014 18:08
786968;Frami, Hills and Schmidt;S2-10342;42;41.88;1758.96;02.06.2014 22:05
141962;Herman LLC;S1-06532;-1;дек.17;-12.17;03.06.2014 3:44
141962;Herman LLC;S2-00301;4;16.21;64.84;03.06.2014 9:40
714466;Trantow-Barrows;S2-82423;35;88;3080;03.06.2014 11:49
412290;Jerde-Hilpert;S1-50961;4;56.18;224.72;03.06.2014 23:30
239344;Stokes LLC;S2-77896;26;36.58;951.08;04.06.2014 0:52
239344;Stokes LLC;B1-53636;34;48.66;1654.44;04.06.2014 3:23
307599;Kassulke, Ondricka and Metz;B1-20000;41;дек.97;531.77;04.06.2014 5:32
737550;Fritsch, Russel and Anderson;S1-06532;21;99.39;2087.19;04.06.2014 5:58
239344;Stokes LLC;S2-77896;34;64.99;2209.66;04.06.2014 7:20
740150;Barton LLC;S1-06532;45;13.янв;585.45;04.06.2014 8:30
740150;Barton LLC;S2-11481;5;18.38;91.9;04.06.2014 21:24
307599;Kassulke, Ondricka and Metz;S2-16558;14;16.24;227.36;04.06.2014 23:18
714466;Trantow-Barrows;B1-20000;46;34.64;1593.44;05.06.2014 1:03
424914;White-Trantow;S1-30248;-1;76.46;-76.46;05.06.2014 4:10
146832;Kiehn-Spinka;S1-27722;19;39.61;752.59;05.06.2014 8:25
688981;Keeling LLC;S2-00301;19;ноя.42;216.98;06.06.2014 1:48
257198;Cronin, Oberbrunner and Spencer;B1-20000;43;74.45;3201.35;06.06.2014 2:14
424914;White-Trantow;B1-53636;46;62.31;2866.26;06.06.2014 5:14
146832;Kiehn-Spinka;B1-05914;12;23.41;280.92;06.06.2014 5:55
786968;Frami, Hills and Schmidt;S2-83881;22;59.68;1312.96;06.06.2014 14:07
729833;Koepp Ltd;S2-77896;13;59.33;771.29;06.06.2014 15:45
146832;Kiehn-Spinka;S2-16558;19;36.92;701.48;07.06.2014 0:57
527099;Sanford and Sons;B1-38851;12;76.52;918.24;07.06.2014 2:11
257198;Cronin, Oberbrunner and Spencer;S1-30248;29;55.42;1607.18;07.06.2014 6:07
604255;Halvorson, Crona and Champlin;S1-82801;22;29.51;649.22;07.06.2014 7:50
604255;Halvorson, Crona and Champlin;S2-83881;18;93.29;1679.22;08.06.2014 1:45
239344;Stokes LLC;B1-33364;4;24.75;99;08.06.2014 3:06
642753;Pollich LLC;B1-53102;46;26.июл;1199.22;08.06.2014 19:33
163416;Purdy-Kunde;B1-65551;13;85.77;1115.01;09.06.2014 21:19
239344;Stokes LLC;S2-77896;30;60.48;1814.4;10.06.2014 17:49
688981;Keeling LLC;S1-27722;10;64.88;648.8;11.06.2014 3:39
688981;Keeling LLC;S1-82801;19;50.47;958.93;11.06.2014 3:52
527099;Sanford and Sons;B1-04202;-1;33.04;-33.04;11.06.2014 6:16
141962;Herman LLC;B1-33364;10;73.68;736.8;11.06.2014 8:07
740150;Barton LLC;S2-10342;40;69.95;2798;12.06.2014 2:26
307599;Kassulke, Ondricka and Metz;S2-34077;2;24.58;49.16;12.06.2014 2:53
786968;Frami, Hills and Schmidt;S1-27722;23;84.45;1942.35;12.06.2014 5:58
307599;Kassulke, Ondricka and Metz;S1-93683;48;43.66;2095.68;12.06.2014 18:23
239344;Stokes LLC;B1-33364;46;74.6;3431.6;12.06.2014 22:45
141962;Herman LLC;B1-50809;39;43.33;1689.87;13.06.2014 6:41
527099;Sanford and Sons;S1-30248;45;50.5;2272.5;13.06.2014 12:43
714466;Trantow-Barrows;S1-50961;40;74.82;2992.8;13.06.2014 23:40
688981;Keeling LLC;B1-53636;27;90.01;2430.27;14.06.2014 4:21
786968;Frami, Hills and Schmidt;S1-27722;43;87.6;3766.8;14.06.2014 11:14
688981;Keeling LLC;B1-04202;28;76.09;2130.52;14.06.2014 12:34
218895;Kulas Inc;S1-82801;44;81.58;3589.52;14.06.2014 16:33
412290;Jerde-Hilpert;S2-78676;3;27.33;81.99;14.06.2014 20:49
729833;Koepp Ltd;B1-86481;26;50.08;1302.08;14.06.2014 23:47
729833;Koepp Ltd;B1-53636;29;55.98;1623.42;15.06.2014 7:02
714466;Trantow-Barrows;S2-16558;22;60.79;1337.38;15.06.2014 12:57
383080;Will LLC;B1-53102;32;45.03;1440.96;15.06.2014 17:37
527099;Sanford and Sons;S1-65481;15;61.88;928.2;16.06.2014 8:30
729833;Koepp Ltd;S2-23246;24;69.77;1674.48;16.06.2014 11:31
257198;Cronin, Oberbrunner and Spencer;S2-10342;18;31.73;571.14;16.06.2014 20:12
239344;Stokes LLC;B1-53102;14;75.07;1050.98;17.06.2014 14:15
688981;Keeling LLC;S2-11481;9;окт.27;92.43;17.06.2014 18:02
383080;Will LLC;S1-06532;8;18.35;146.8;17.06.2014 18:52
163416;Purdy-Kunde;S2-23246;16;29.28;468.48;18.06.2014 6:38
239344;Stokes LLC;S1-65481;23;79.72;1833.56;18.06.2014 10:25
218895;Kulas Inc;S2-34077;43;53.59;2304.37;18.06.2014 21:27
141962;Herman LLC;S2-00301;13;30.58;397.54;19.06.2014 1:31
740150;Barton LLC;S2-77896;30;55.52;1665.6;19.06.2014 10:01
163416;Purdy-Kunde;S2-82423;41;47.7;1955.7;19.06.2014 11:44
146832;Kiehn-Spinka;B1-05914;21;37.86;795.06;19.06.2014 17:14
383080;Will LLC;S2-00301;-1;90.65;-90.65;20.06.2014 0:48
604255;Halvorson, Crona and Champlin;S2-16558;13;14.фев;182.26;20.06.2014 2:00
737550;Fritsch, Russel and Anderson;B1-65551;2;77.06;154.12;20.06.2014 5:30
239344;Stokes LLC;S2-78676;36;78.31;2819.16;20.06.2014 6:50
141962;Herman LLC;B1-53636;25;16.95;423.75;20.06.2014 7:11
218895;Kulas Inc;S1-93683;-1;72.21;-72.21;20.06.2014 8:43
218895;Kulas Inc;S2-83881;1;69.88;69.88;20.06.2014 19:43
239344;Stokes LLC;S2-83881;12;58.8;705.6;20.06.2014 22:17
672390;Kuhn-Gusikowski;S2-77896;10;50.41;504.1;20.06.2014 22:22
163416;Purdy-Kunde;B1-53636;12;26.49;317.88;21.06.2014 2:34
163416;Purdy-Kunde;B1-86481;30;63.24;1897.2;21.06.2014 7:44
141962;Herman LLC;B1-04202;19;27.35;519.65;21.06.2014 13:19
740150;Barton LLC;B1-33087;9;99.58;896.22;21.06.2014 13:46
714466;Trantow-Barrows;S2-82423;25;77.07;1926.75;21.06.2014 16:07
218895;Kulas Inc;B1-04202;39;18.28;712.92;21.06.2014 20:59
786968;Frami, Hills and Schmidt;S2-10342;41;40.22;1649.02;22.06.2014 0:50
146832;Kiehn-Spinka;S2-77896;30;99.27;2978.1;22.06.2014 14:34
604255;Halvorson, Crona and Champlin;B1-33087;22;51.71;1137.62;22.06.2014 18:08
642753;Pollich LLC;B1-53102;25;86.61;2165.25;22.06.2014 18:23
740150;Barton LLC;S2-77896;22;60.62;1333.64;22.06.2014 19:23
141962;Herman LLC;S2-78676;3;30.94;92.82;22.06.2014 22:23
688981;Keeling LLC;B1-05914;37;64.9;2401.3;23.06.2014 1:52
642753;Pollich LLC;B1-05914;37;13.68;506.16;23.06.2014 12:05
412290;Jerde-Hilpert;S1-30248;49;77.38;3791.62;23.06.2014 14:47
218895;Kulas Inc;B1-38851;-1;56.89;-56.89;24.06.2014 0:59
424914;White-Trantow;S1-82801;14;99.82;1397.48;24.06.2014 6:27
146832;Kiehn-Spinka;B1-65551;12;50.46;605.52;24.06.2014 19:58
239344;Stokes LLC;S2-34077;20;93.81;1876.2;24.06.2014 23:28
714466;Trantow-Barrows;S2-77896;2;20.88;41.76;25.06.2014 1:43
141962;Herman LLC;S2-78676;25;66.15;1653.75;25.06.2014 2:30
218895;Kulas Inc;B1-38851;8;68.53;548.24;25.06.2014 16:01
737550;Fritsch, Russel and Anderson;B1-86481;32;52.73;1687.36;26.06.2014 0:51
424914;White-Trantow;S1-30248;30;95.07;2852.1;26.06.2014 3:20
218895;Kulas Inc;B1-53102;3;89.91;269.73;26.06.2014 5:24
412290;Jerde-Hilpert;S2-11481;29;39.25;1138.25;26.06.2014 11:36
714466;Trantow-Barrows;B1-50809;37;46.11;1706.07;26.06.2014 17:05
412290;Jerde-Hilpert;B1-05914;45;81.78;3680.1;26.06.2014 18:27
239344;Stokes LLC;B1-04202;10;47.42;474.2;27.06.2014 3:12
642753;Pollich LLC;S2-16558;39;50.44;1967.16;27.06.2014 3:36
383080;Will LLC;S1-93683;37;дек.95;479.15;27.06.2014 4:31
786968;Frami, Hills and Schmidt;S2-82423;30;92.07;2762.1;27.06.2014 5:42
424914;White-Trantow;S2-10342;29;67.2;1948.8;27.06.2014 8:07
412290;Jerde-Hilpert;S2-10342;27;67.43;1820.61;27.06.2014 8:25
239344;Stokes LLC;B1-65551;4;22.мар;88.12;27.06.2014 8:44
737550;Fritsch, Russel and Anderson;B1-53636;41;92.53;3793.73;27.06.2014 14:59
424914;White-Trantow;S2-78676;39;69.82;2722.98;27.06.2014 23:33
383080;Will LLC;S2-00301;37;ноя.98;443.26;28.06.2014 14:05
527099;Sanford and Sons;S2-77896;40;97.18;3887.2;28.06.2014 18:55
424914;White-Trantow;S1-82801;48;64.17;3080.16;28.06.2014 18:55
146832;Kiehn-Spinka;S2-77896;45;42.06;1892.7;28.06.2014 19:14
163416;Purdy-Kunde;S2-83881;11;33.85;372.35;29.06.2014 9:34
672390;Kuhn-Gusikowski;S1-47412;4;60.66;242.64;29.06.2014 18:12
642753;Pollich LLC;S2-00301;44;56.89;2503.16;29.06.2014 18:31
729833;Koepp Ltd;S2-82423;14;53.99;755.86;30.06.2014 0:01
714466;Trantow-Barrows;S1-47412;12;20.96;251.52;30.06.2014 9:05
714466;Trantow-Barrows;B1-04202;32;26.44;846.08;30.06.2014 19:26
688981;Keeling LLC;S1-93683;13;70.71;919.23;30.06.2014 23:52
737550;Fritsch, Russel and Anderson;S1-65481;35;70.51;2467.85;01.07.2014 0:21
218895;Kulas Inc;S1-30248;9;16.56;149.04;01.07.2014 0:52
163416;Purdy-Kunde;S2-82423;44;68.27;3003.88;01.07.2014 8:15
672390;Kuhn-Gusikowski;B1-04202;48;99.39;4770.72;01.07.2014 11:12
642753;Pollich LLC;S2-23246;1;51.29;51.29;02.07.2014 4:02
412290;Jerde-Hilpert;S2-34077;45;72.95;3282.75;02.07.2014 5:33
714466;Trantow-Barrows;S1-93683;47;46;2162;03.07.2014 16:10
146832;Kiehn-Spinka;S1-27722;7;14.42;100.94;03.07.2014 23:24
672390;Kuhn-Gusikowski;S1-65481;44;64.99;2859.56;04.07.2014 1:35
672390;Kuhn-Gusikowski;S2-83881;29;99.85;2895.65;04.07.2014 9:20
257198;Cronin, Oberbrunner and Spencer;S2-16558;12;48.45;581.4;04.07.2014 11:49
737550;Fritsch, Russel and Anderson;S2-78676;37;37.61;1391.57;04.07.2014 14:00
146832;Kiehn-Spinka;B1-53636;33;50.77;1675.41;04.07.2014 17:04
527099;Sanford and Sons;B1-53102;16;30.74;491.84;04.07.2014 21:27
688981;Keeling LLC;B1-53102;45;41.19;1853.55;04.07.2014 21:42
424914;White-Trantow;S2-23246;27;37.65;1016.55;05.07.2014 5:13
688981;Keeling LLC;S1-47412;43;94.58;4066.94;05.07.2014 10:07
383080;Will LLC;B1-65551;41;59.61;2444.01;05.07.2014 19:51
786968;Frami, Hills and Schmidt;S2-34077;34;71.64;2435.76;05.07.2014 23:01
604255;Halvorson, Crona and Champlin;S1-50961;6;99.16;594.96;06.07.2014 1:03
714466;Trantow-Barrows;S2-77896;44;32.86;1445.84;06.07.2014 2:43
786968;Frami, Hills and Schmidt;B1-53102;21;73.01;1533.21;06.07.2014 8:22
527099;Sanford and Sons;B1-53102;15;86.74;1301.1;06.07.2014 9:27
714466;Trantow-Barrows;S2-83881;49;90.7;4444.3;06.07.2014 17:12
412290;Jerde-Hilpert;B1-53102;9;44.71;402.39;06.07.2014 23:09
383080;Will LLC;S1-27722;8;67.73;541.84;07.07.2014 4:07
688981;Keeling LLC;B1-33364;5;94.46;472.3;07.07.2014 19:30
412290;Jerde-Hilpert;S2-34077;13;17.74;230.62;07.07.2014 21:16
688981;Keeling LLC;S2-00301;8;19.32;154.56;07.07.2014 22:06
604255;Halvorson, Crona and Champlin;S2-83881;2;71.67;143.34;07.07.2014 22:40
737550;Fritsch, Russel and Anderson;B1-53636;33;22.авг;752.4;08.07.2014 9:36
307599;Kassulke, Ondricka and Metz;S2-16558;18;23.сен;430.2;08.07.2014 10:52
737550;Fritsch, Russel and Anderson;B1-05914;32;91.64;2932.48;08.07.2014 20:18
163416;Purdy-Kunde;S2-16558;13;25.53;331.89;08.07.2014 22:41
163416;Purdy-Kunde;S1-65481;31;75.47;2339.57;09.07.2014 4:04
786968;Frami, Hills and Schmidt;B1-86481;35;40.85;1429.75;09.07.2014 10:41
146832;Kiehn-Spinka;S2-11481;15;51.36;770.4;09.07.2014 17:32
729833;Koepp Ltd;B1-53102;8;18.июл;149.6;09.07.2014 17:58
218895;Kulas Inc;S1-27722;29;25.13;728.77;10.07.2014 5:05
257198;Cronin, Oberbrunner and Spencer;S2-82423;35;91.54;3203.9;10.07.2014 11:09
604255;Halvorson, Crona and Champlin;S1-50961;24;96.39;2313.36;10.07.2014 14:09
737550;Fritsch, Russel and Anderson;B1-04202;15;35.08;526.2;10.07.2014 17:17
239344;Stokes LLC;S2-83881;41;50.44;2068.04;10.07.2014 19:48
688981;Keeling LLC;S1-47412;38;45.3;1721.4;10.07.2014 20:06
307599;Kassulke, Ondricka and Metz;S2-82423;39;63.45;2474.55;10.07.2014 20:56
642753;Pollich LLC;S2-11481;16;90.92;1454.72;10.07.2014 22:20
642753;Pollich LLC;S2-34077;24;19.73;473.52;10.07.2014 23:17
714466;Trantow-Barrows;B1-65551;38;21.43;814.34;11.07.2014 5:17
786968;Frami, Hills and Schmidt;S1-06532;29;69.53;2016.37;11.07.2014 14:47
604255;Halvorson, Crona and Champlin;B1-53636;42;39.7;1667.4;11.07.2014 20:25
604255;Halvorson, Crona and Champlin;S1-50961;10;49.64;496.4;11.07.2014 23:50
672390;Kuhn-Gusikowski;B1-69924;13;19.мар;250.9;12.07.2014 7:26
740150;Barton LLC;S1-82801;34;30.39;1033.26;12.07.2014 12:01
218895;Kulas Inc;S1-30248;24;53.75;1290;12.07.2014 15:13
218895;Kulas Inc;S1-06532;46;15.33;705.18;12.07.2014 21:29
146832;Kiehn-Spinka;B1-53102;39;26.66;1039.74;12.07.2014 21:45
786968;Frami, Hills and Schmidt;B1-33087;28;14.авг;394.24;13.07.2014 4:02
527099;Sanford and Sons;S2-23246;7;57.62;403.34;13.07.2014 16:43
141962;Herman LLC;S1-82801;9;33.38;300.42;13.07.2014 21:26
642753;Pollich LLC;S1-93683;2;38.89;77.78;14.07.2014 0:13
714466;Trantow-Barrows;S2-78676;6;42.79;256.74;14.07.2014 1:49
642753;Pollich LLC;S1-30248;27;37.61;1015.47;14.07.2014 2:49
737550;Fritsch, Russel and Anderson;S2-10342;30;20.13;603.9;14.07.2014 14:36
383080;Will LLC;S2-78676;38;80.88;3073.44;14.07.2014 15:50
424914;White-Trantow;B1-05914;43;93.75;4031.25;15.07.2014 2:38
218895;Kulas Inc;B1-04202;1;38.85;38.85;15.07.2014 15:17
424914;White-Trantow;B1-04202;23;90.64;2084.72;15.07.2014 19:36
737550;Fritsch, Russel and Anderson;S2-78676;40;85.46;3418.4;16.07.2014 9:32
424914;White-Trantow;S1-06532;25;28.фев;700.5;16.07.2014 9:38
672390;Kuhn-Gusikowski;S1-30248;3;29.18;87.54;16.07.2014 12:17
257198;Cronin, Oberbrunner and Spencer;B1-05914;30;74.5;2235;16.07.2014 13:15
163416;Purdy-Kunde;B1-69924;37;84.44;3124.28;16.07.2014 14:29
412290;Jerde-Hilpert;B1-69924;30;81.37;2441.1;16.07.2014 18:32
383080;Will LLC;S1-27722;43;91.89;3951.27;16.07.2014 20:18
604255;Halvorson, Crona and Champlin;S1-93683;44;94.88;4174.72;17.07.2014 1:00
740150;Barton LLC;S1-06532;34;64.3;2186.2;17.07.2014 5:05
740150;Barton LLC;S1-06532;34;53.03;1803.02;17.07.2014 11:02
672390;Kuhn-Gusikowski;S2-78676;49;22.82;1118.18;17.07.2014 13:21
146832;Kiehn-Spinka;S2-77896;40;36.95;1478;17.07.2014 18:17
412290;Jerde-Hilpert;S2-77896;25;34.58;864.5;17.07.2014 22:02
527099;Sanford and Sons;S1-06532;39;53.08;2070.12;17.07.2014 23:44
307599;Kassulke, Ondricka and Metz;S2-34077;37;53.17;1967.29;18.07.2014 17:35
239344;Stokes LLC;S2-34077;21;56.22;1180.62;18.07.2014 20:09
688981;Keeling LLC;B1-65551;12;41.76;501.12;19.07.2014 16:46
527099;Sanford and Sons;B1-38851;28;54.23;1518.44;19.07.2014 19:28
672390;Kuhn-Gusikowski;S2-82423;17;60.29;1024.93;20.07.2014 3:44
163416;Purdy-Kunde;B1-38851;27;74.38;2008.26;20.07.2014 3:50
786968;Frami, Hills and Schmidt;B1-86481;38;75.52;2869.76;20.07.2014 6:52
737550;Fritsch, Russel and Anderson;S2-77896;12;10.июн;127.2;20.07.2014 13:05
604255;Halvorson, Crona and Champlin;B1-33087;15;68.09;1021.35;20.07.2014 20:48
688981;Keeling LLC;S2-16558;24;86.32;2071.68;21.07.2014 10:31
383080;Will LLC;S2-16558;6;68.92;413.52;22.07.2014 5:13
642753;Pollich LLC;S2-10342;42;22.55;947.1;22.07.2014 14:08
218895;Kulas Inc;S1-50961;21;45.7;959.7;22.07.2014 17:26
218895;Kulas Inc;S1-50961;41;54.86;2249.26;22.07.2014 21:57
714466;Trantow-Barrows;B1-04202;31;39.74;1231.94;22.07.2014 22:34
424914;White-Trantow;S2-82423;11;окт.64;117.04;23.07.2014 8:36
737550;Fritsch, Russel and Anderson;B1-86481;27;27.23;735.21;23.07.2014 18:33
307599;Kassulke, Ondricka and Metz;S2-78676;27;24.29;655.83;24.07.2014 10:15
412290;Jerde-Hilpert;S1-06532;34;52.42;1782.28;24.07.2014 10:45
527099;Sanford and Sons;S2-16558;-1;89.45;-89.45;24.07.2014 17:46
642753;Pollich LLC;B1-20000;41;61.63;2526.83;25.07.2014 5:30
239344;Stokes LLC;S1-82801;5;87.06;435.3;25.07.2014 8:37
146832;Kiehn-Spinka;B1-33364;49;98.46;4824.54;25.07.2014 14:35
714466;Trantow-Barrows;S2-11481;23;28.14;647.22;26.07.2014 3:24
527099;Sanford and Sons;B1-20000;45;66.28;2982.6;26.07.2014 4:38
141962;Herman LLC;S2-00301;48;77.79;3733.92;26.07.2014 19:11
424914;White-Trantow;B1-53102;18;35.09;631.62;27.07.2014 9:17
141962;Herman LLC;S1-30248;15;90.72;1360.8;27.07.2014 18:14
412290;Jerde-Hilpert;S2-23246;1;26.68;26.68;27.07.2014 19:02
688981;Keeling LLC;S1-82801;46;60.34;2775.64;28.07.2014 1:01
146832;Kiehn-Spinka;S2-77896;27;32.41;875.07;28.07.2014 5:21
141962;Herman LLC;B1-65551;30;97.52;2925.6;28.07.2014 7:03
383080;Will LLC;S1-65481;6;98.91;593.46;28.07.2014 8:33
307599;Kassulke, Ondricka and Metz;B1-05914;28;24.18;677.04;28.07.2014 14:02
737550;Fritsch, Russel and Anderson;B1-50809;21;15.41;323.61;28.07.2014 14:44
642753;Pollich LLC;S2-16558;23;60.2;1384.6;28.07.2014 17:24
740150;Barton LLC;S1-47412;40;43.2;1728;29.07.2014 1:53
146832;Kiehn-Spinka;S1-47412;12;48.39;580.68;29.07.2014 2:51
424914;White-Trantow;S2-10342;16;64.76;1036.16;29.07.2014 3:37
141962;Herman LLC;S2-34077;44;42.58;1873.52;29.07.2014 4:51
424914;White-Trantow;B1-33364;18;34.71;624.78;29.07.2014 5:55
642753;Pollich LLC;S1-93683;47;98.32;4621.04;29.07.2014 10:23
729833;Koepp Ltd;B1-53636;14;82.58;1156.12;29.07.2014 19:08
527099;Sanford and Sons;S1-47412;23;93.56;2151.88;30.07.2014 3:39
786968;Frami, Hills and Schmidt;B1-20000;46;54.32;2498.72;30.07.2014 16:55
412290;Jerde-Hilpert;B1-53636;5;15.23;76.15;30.07.2014 22:34
714466;Trantow-Barrows;S1-27722;48;20.52;984.96;31.07.2014 6:13
740150;Barton LLC;S1-27722;34;67.34;2289.56;01.08.2014 1:36
740150;Barton LLC;S2-83881;44;47.22;2077.68;01.08.2014 2:05
604255;Halvorson, Crona and Champlin;B1-05914;19;35.83;680.77;01.08.2014 4:26
786968;Frami, Hills and Schmidt;S1-06532;14;48.86;684.04;01.08.2014 10:46
729833;Koepp Ltd;S2-11481;22;66.41;1461.02;01.08.2014 12:29
642753;Pollich LLC;S1-93683;24;98.95;2374.8;01.08.2014 17:51
604255;Halvorson, Crona and Champlin;S2-78676;47;19.61;921.67;02.08.2014 4:14
307599;Kassulke, Ondricka and Metz;S2-23246;14;43.75;612.5;02.08.2014 6:04
218895;Kulas Inc;B1-65551;9;61.26;551.34;02.08.2014 13:43
740150;Barton LLC;S1-30248;36;16.47;592.92;02.08.2014 17:31
141962;Herman LLC;B1-53102;34;31.47;1069.98;02.08.2014 21:18
146832;Kiehn-Spinka;S1-93683;38;89.69;3408.22;03.08.2014 4:47
672390;Kuhn-Gusikowski;B1-65551;23;73.93;1700.39;03.08.2014 6:02
307599;Kassulke, Ondricka and Metz;S1-30248;19;74.68;1418.92;03.08.2014 8:29
740150;Barton LLC;S1-82801;16;43.54;696.64;03.08.2014 11:58
163416;Purdy-Kunde;S1-93683;39;28.май;1111.5;03.08.2014 14:14
307599;Kassulke, Ondricka and Metz;S1-27722;34;54.29;1845.86;03.08.2014 21:09
163416;Purdy-Kunde;B1-69924;12;52.38;628.56;03.08.2014 23:53
672390;Kuhn-Gusikowski;S2-77896;29;28.61;829.69;04.08.2014 1:10
729833;Koepp Ltd;B1-38851;7;94.07;658.49;04.08.2014 11:12
163416;Purdy-Kunde;S2-23246;21;20.авг;436.8;04.08.2014 19:17
604255;Halvorson, Crona and Champlin;B1-86481;45;57.6;2592;05.08.2014 6:05
424914;White-Trantow;B1-20000;25;58.61;1465.25;05.08.2014 8:48
424914;White-Trantow;S1-30248;28;42.69;1195.32;05.08.2014 12:06
740150;Barton LLC;B1-38851;1;84.18;84.18;05.08.2014 15:48
527099;Sanford and Sons;B1-33364;11;27.сен;306.9;05.08.2014 19:19
163416;Purdy-Kunde;B1-20000;46;95.97;4414.62;05.08.2014 19:39
527099;Sanford and Sons;B1-33364;26;85.42;2220.92;06.08.2014 7:35
218895;Kulas Inc;B1-65551;35;60.47;2116.45;06.08.2014 7:47
729833;Koepp Ltd;S2-77896;1;50.42;50.42;06.08.2014 10:45
412290;Jerde-Hilpert;S1-30248;2;16.89;33.78;06.08.2014 12:40
239344;Stokes LLC;S1-47412;38;32.81;1246.78;07.08.2014 2:41
412290;Jerde-Hilpert;S2-82423;31;93.36;2894.16;07.08.2014 6:40
141962;Herman LLC;S2-77896;34;28.31;962.54;07.08.2014 9:13
714466;Trantow-Barrows;S2-34077;28;80.06;2241.68;07.08.2014 17:18
424914;White-Trantow;B1-33364;32;14.14;452.48;08.08.2014 0:42
257198;Cronin, Oberbrunner and Spencer;S2-77896;37;62.25;2303.25;08.08.2014 3:44
714466;Trantow-Barrows;S2-11481;38;90.1;3423.8;08.08.2014 13:52
239344;Stokes LLC;S2-16558;43;55.67;2393.81;08.08.2014 15:49
642753;Pollich LLC;S1-82801;1;75.22;75.22;09.08.2014 0:27
307599;Kassulke, Ondricka and Metz;S1-93683;39;31.74;1237.86;09.08.2014 17:49
672390;Kuhn-Gusikowski;S2-34077;4;36.18;144.72;09.08.2014 19:09
257198;Cronin, Oberbrunner and Spencer;S1-65481;30;29.98;899.4;10.08.2014 3:18
146832;Kiehn-Spinka;S2-16558;31;16.апр;497.24;11.08.2014 3:22
218895;Kulas Inc;S1-50961;46;92.08;4235.68;11.08.2014 11:20
383080;Will LLC;S2-10342;10;77.39;773.9;11.08.2014 22:19
786968;Frami, Hills and Schmidt;S2-10342;2;48.81;97.62;12.08.2014 4:27
729833;Koepp Ltd;S1-82801;23;96.35;2216.05;12.08.2014 4:55
527099;Sanford and Sons;B1-65551;8;69.33;554.64;12.08.2014 5:25
424914;White-Trantow;S1-93683;32;13.72;439.04;12.08.2014 23:20
257198;Cronin, Oberbrunner and Spencer;S2-11481;3;19.59;58.77;13.08.2014 8:52
714466;Trantow-Barrows;S2-77896;18;57.95;1043.1;13.08.2014 15:32
412290;Jerde-Hilpert;B1-53636;39;19.сен;744.51;13.08.2014 18:52
146832;Kiehn-Spinka;S1-06532;27;14.65;395.55;14.08.2014 1:00
729833;Koepp Ltd;B1-53636;15;27.92;418.8;14.08.2014 6:57
642753;Pollich LLC;S2-78676;43;31.53;1355.79;14.08.2014 15:34
383080;Will LLC;B1-53102;6;42.34;254.04;14.08.2014 22:21
740150;Barton LLC;B1-33364;46;83.85;3857.1;15.08.2014 1:51
239344;Stokes LLC;B1-33364;12;95.01;1140.12;15.08.2014 2:51
527099;Sanford and Sons;B1-86481;9;98.93;890.37;15.08.2014 7:55
714466;Trantow-Barrows;S2-11481;49;58.62;2872.38;15.08.2014 8:28
412290;Jerde-Hilpert;B1-20000;38;80.68;3065.84;15.08.2014 10:20
737550;Fritsch, Russel and Anderson;S2-16558;12;28.34;340.08;16.08.2014 7:11
786968;Frami, Hills and Schmidt;B1-86481;38;78.94;2999.72;16.08.2014 9:28
527099;Sanford and Sons;B1-50809;33;16.87;556.71;17.08.2014 13:24
642753;Pollich LLC;S2-83881;26;58.77;1528.02;17.08.2014 15:07
714466;Trantow-Barrows;B1-53102;11;86.42;950.62;17.08.2014 22:39
257198;Cronin, Oberbrunner and Spencer;B1-05914;28;56.58;1584.24;18.08.2014 6:29
729833;Koepp Ltd;S2-23246;10;42.61;426.1;18.08.2014 20:22
412290;Jerde-Hilpert;S2-78676;36;62.42;2247.12;19.08.2014 1:47
714466;Trantow-Barrows;S2-83881;36;94.18;3390.48;19.08.2014 5:58
527099;Sanford and Sons;S2-83881;44;96.36;4239.84;19.08.2014 7:15
527099;Sanford and Sons;B1-33087;15;60.27;904.05;19.08.2014 11:50
424914;White-Trantow;B1-05914;1;46.73;46.73;19.08.2014 21:21
383080;Will LLC;S1-47412;28;14.71;411.88;20.08.2014 15:53
729833;Koepp Ltd;B1-33364;29;53.5;1551.5;21.08.2014 9:24
714466;Trantow-Barrows;B1-04202;38;34.63;1315.94;21.08.2014 20:36
642753;Pollich LLC;B1-53636;12;23.47;281.64;22.08.2014 0:20
714466;Trantow-Barrows;S1-27722;2;70.56;141.12;22.08.2014 3:33
740150;Barton LLC;S2-77896;47;40.74;1914.78;22.08.2014 10:46
163416;Purdy-Kunde;S1-93683;46;81.59;3753.14;22.08.2014 20:27
642753;Pollich LLC;B1-53636;24;19.59;470.16;23.08.2014 6:24
729833;Koepp Ltd;S2-77896;47;57.91;2721.77;23.08.2014 6:58
740150;Barton LLC;B1-38851;17;59.48;1011.16;23.08.2014 13:39
729833;Koepp Ltd;S1-82801;16;66.61;1065.76;23.08.2014 22:49
146832;Kiehn-Spinka;B1-69924;39;21.71;846.69;24.08.2014 11:37
218895;Kulas Inc;S1-82801;16;22.65;362.4;24.08.2014 19:22
424914;White-Trantow;S2-83881;32;73.51;2352.32;25.08.2014 1:36
257198;Cronin, Oberbrunner and Spencer;S2-78676;8;69.24;553.92;25.08.2014 15:46
714466;Trantow-Barrows;S2-77896;31;15.95;494.45;25.08.2014 18:41
786968;Frami, Hills and Schmidt;B1-69924;22;51.65;1136.3;25.08.2014 20:14
146832;Kiehn-Spinka;S1-50961;2;ноя.77;23.54;25.08.2014 23:43
688981;Keeling LLC;B1-69924;46;29.15;1340.9;26.08.2014 5:08
729833;Koepp Ltd;B1-33087;24;70.45;1690.8;26.08.2014 7:19
307599;Kassulke, Ondricka and Metz;S1-82801;35;64.8;2268;26.08.2014 7:43
424914;White-Trantow;B1-53102;41;81.25;3331.25;26.08.2014 11:44
424914;White-Trantow;S2-11481;32;17.дек;547.84;27.08.2014 4:26
672390;Kuhn-Gusikowski;B1-33087;31;40.64;1259.84;27.08.2014 10:32
424914;White-Trantow;S2-82423;12;75.18;902.16;27.08.2014 14:04
146832;Kiehn-Spinka;S2-23246;49;42.81;2097.69;27.08.2014 15:40
729833;Koepp Ltd;S2-77896;28;67.54;1891.12;27.08.2014 22:33
424914;White-Trantow;S2-00301;13;68.74;893.62;28.08.2014 12:57
740150;Barton LLC;B1-20000;1;73.68;73.68;29.08.2014 1:14
714466;Trantow-Barrows;S2-23246;3;98.45;295.35;29.08.2014 1:53
642753;Pollich LLC;S2-82423;1;73.23;73.23;29.08.2014 3:12
424914;White-Trantow;S2-77896;24;27.55;661.2;29.08.2014 4:45
146832;Kiehn-Spinka;S1-47412;41;37.96;1556.36;29.08.2014 9:18
218895;Kulas Inc;B1-50809;5;97.24;486.2;29.08.2014 14:49
729833;Koepp Ltd;S1-50961;-1;50.33;-50.33;29.08.2014 15:14
740150;Barton LLC;S1-50961;38;42.12;1600.56;29.08.2014 19:35
239344;Stokes LLC;B1-65551;3;15.ноя;45.33;29.08.2014 19:35
740150;Barton LLC;B1-38851;45;49.97;2248.65;29.08.2014 23:20
218895;Kulas Inc;S2-10342;19;61.95;1177.05;30.08.2014 5:20
740150;Barton LLC;S1-27722;15;72.97;1094.55;31.08.2014 3:14
714466;Trantow-Barrows;S2-00301;11;98.43;1082.73;31.08.2014 12:01
141962;Herman LLC;B1-86481;15;65.72;985.8;31.08.2014 12:17
786968;Frami, Hills and Schmidt;S2-23246;30;96.18;2885.4;31.08.2014 13:35
383080;Will LLC;S2-77896;43;46.99;2020.57;01.09.2014 12:48
737550;Fritsch, Russel and Anderson;B1-20000;44;79.97;3518.68;01.09.2014 21:20
141962;Herman LLC;S1-93683;2;51;102;01.09.2014 21:24
257198;Cronin, Oberbrunner and Spencer;S1-93683;21;78.48;1648.08;02.09.2014 7:34
146832;Kiehn-Spinka;B1-50809;26;61.97;1611.22;02.09.2014 18:08
786968;Frami, Hills and Schmidt;S2-16558;47;15.янв;709.7;03.09.2014 1:58
307599;Kassulke, Ondricka and Metz;S2-83881;6;77.6;465.6;03.09.2014 2:36
218895;Kulas Inc;S1-50961;35;78.54;2748.9;03.09.2014 6:40
740150;Barton LLC;S2-34077;46;28.68;1319.28;03.09.2014 7:48
307599;Kassulke, Ondricka and Metz;S1-27722;47;94.01;4418.47;03.09.2014 10:27
218895;Kulas Inc;S2-00301;43;58.42;2512.06;03.09.2014 12:27
412290;Jerde-Hilpert;S1-65481;13;37.67;489.71;03.09.2014 15:43
146832;Kiehn-Spinka;S2-78676;20;72.04;1440.8;03.09.2014 21:36
239344;Stokes LLC;S1-30248;32;50.26;1608.32;04.09.2014 4:14
218895;Kulas Inc;B1-53636;10;62.29;622.9;04.09.2014 9:00
527099;Sanford and Sons;B1-33364;28;90.5;2534;04.09.2014 9:41
786968;Frami, Hills and Schmidt;B1-50809;30;66.58;1997.4;04.09.2014 17:10
527099;Sanford and Sons;S1-82801;7;85.83;600.81;04.09.2014 18:19
786968;Frami, Hills and Schmidt;B1-38851;20;77.22;1544.4;04.09.2014 22:04
163416;Purdy-Kunde;B1-38851;41;98.69;4046.29;05.09.2014 1:52
714466;Trantow-Barrows;S1-30248;1;37.16;37.16;05.09.2014 6:17
729833;Koepp Ltd;S1-65481;48;16.апр;769.92;05.09.2014 8:54
729833;Koepp Ltd;S2-11481;6;26.май;159;05.09.2014 16:33
737550;Fritsch, Russel and Anderson;B1-33364;4;76.44;305.76;06.09.2014 8:59
729833;Koepp Ltd;S2-16558;10;50.57;505.7;06.09.2014 10:08
146832;Kiehn-Spinka;B1-50809;49;13.июл;671.3;06.09.2014 10:21
672390;Kuhn-Gusikowski;B1-33364;29;26.июн;771.4;06.09.2014 16:00
786968;Frami, Hills and Schmidt;S2-78676;42;63.41;2663.22;06.09.2014 19:30
729833;Koepp Ltd;B1-38851;37;34.02;1258.74;06.09.2014 23:21
527099;Sanford and Sons;S1-30248;44;31.17;1371.48;07.09.2014 4:06
412290;Jerde-Hilpert;S1-47412;26;96.45;2507.7;07.09.2014 13:17
424914;White-Trantow;B1-38851;15;32.67;490.05;08.09.2014 3:43
672390;Kuhn-Gusikowski;S1-47412;4;79.64;318.56;08.09.2014 4:47
141962;Herman LLC;S1-27722;34;58.08;1974.72;08.09.2014 8:19
729833;Koepp Ltd;S2-78676;33;85.69;2827.77;08.09.2014 20:20
527099;Sanford and Sons;B1-04202;30;71.19;2135.7;08.09.2014 23:44
257198;Cronin, Oberbrunner and Spencer;S2-82423;23;52.9;1216.7;09.09.2014 3:06
141962;Herman LLC;B1-86481;45;52.78;2375.1;09.09.2014 11:49
257198;Cronin, Oberbrunner and Spencer;B1-50809;30;51.96;1558.8;09.09.2014 21:14
786968;Frami, Hills and Schmidt;S2-83881;24;64.11;1538.64;10.09.2014 0:19
239344;Stokes LLC;B1-65551;43;15.24;655.32;10.09.2014 11:10
714466;Trantow-Barrows;S1-65481;24;14.26;342.24;10.09.2014 14:23
239344;Stokes LLC;S1-65481;32;23.48;751.36;11.09.2014 6:32
146832;Kiehn-Spinka;S2-82423;29;85.35;2475.15;11.09.2014 13:23
141962;Herman LLC;S2-11481;42;75.36;3165.12;11.09.2014 22:52
141962;Herman LLC;S1-30248;6;46.27;277.62;12.09.2014 6:15
714466;Trantow-Barrows;B1-33087;9;55.82;502.38;12.09.2014 10:39
146832;Kiehn-Spinka;B1-86481;12;74.58;894.96;12.09.2014 20:14
740150;Barton LLC;B1-65551;30;86.95;2608.5;12.09.2014 23:28
737550;Fritsch, Russel and Anderson;S1-82801;6;29.74;178.44;13.09.2014 1:25
257198;Cronin, Oberbrunner and Spencer;S1-50961;7;ноя.38;79.66;13.09.2014 20:54
642753;Pollich LLC;S2-11481;43;11.мар;485.9;14.09.2014 19:05
672390;Kuhn-Gusikowski;S2-34077;33;13.42;442.86;16.09.2014 5:08
307599;Kassulke, Ondricka and Metz;B1-65551;45;21.33;959.85;16.09.2014 7:22
740150;Barton LLC;B1-04202;35;69.52;2433.2;16.09.2014 8:31
740150;Barton LLC;S2-10342;25;18.13;453.25;16.09.2014 10:02
412290;Jerde-Hilpert;S1-27722;11;13.82;152.02;16.09.2014 12:29
604255;Halvorson, Crona and Champlin;B1-05914;33;14.21;468.93;16.09.2014 14:18
740150;Barton LLC;S1-65481;26;71.87;1868.62;16.09.2014 15:32
239344;Stokes LLC;B1-33364;10;23.июл;230.7;16.09.2014 21:37
424914;White-Trantow;S2-78676;45;91.63;4123.35;17.09.2014 1:28
642753;Pollich LLC;S1-50961;14;90.88;1272.32;17.09.2014 6:31
141962;Herman LLC;B1-05914;21;93.78;1969.38;17.09.2014 7:59
527099;Sanford and Sons;B1-53636;45;37.64;1693.8;17.09.2014 14:40
737550;Fritsch, Russel and Anderson;S1-27722;47;78.88;3707.36;18.09.2014 10:16
604255;Halvorson, Crona and Champlin;S2-78676;18;92.5;1665;19.09.2014 12:56
672390;Kuhn-Gusikowski;S1-06532;18;68.73;1237.14;19.09.2014 14:08
239344;Stokes LLC;S1-30248;37;26.81;991.97;19.09.2014 14:32
604255;Halvorson, Crona and Champlin;B1-69924;17;48.48;824.16;19.09.2014 16:53
527099;Sanford and Sons;B1-50809;2;29.апр;58.08;19.09.2014 19:10
527099;Sanford and Sons;B1-69924;12;44.13;529.56;20.09.2014 10:06
740150;Barton LLC;S2-78676;35;74.76;2616.6;20.09.2014 21:41
642753;Pollich LLC;B1-04202;21;28.янв;590.1;20.09.2014 23:40
141962;Herman LLC;S1-65481;36;13.68;492.48;21.09.2014 0:46
307599;Kassulke, Ondricka and Metz;S1-47412;11;19.36;212.96;21.09.2014 0:59
218895;Kulas Inc;S1-06532;29;42.75;1239.75;21.09.2014 11:27
714466;Trantow-Barrows;B1-38851;15;75.94;1139.1;21.09.2014 12:50
257198;Cronin, Oberbrunner and Spencer;B1-04202;30;87.08;2612.4;21.09.2014 16:59
307599;Kassulke, Ondricka and Metz;S2-34077;34;59.66;2028.44;21.09.2014 22:45
412290;Jerde-Hilpert;S1-47412;45;64.47;2901.15;22.09.2014 8:15
141962;Herman LLC;S2-83881;44;70.34;3094.96;22.09.2014 19:47
688981;Keeling LLC;S2-78676;35;дек.15;425.25;22.09.2014 21:27
672390;Kuhn-Gusikowski;S2-34077;32;87.24;2791.68;22.09.2014 23:01
688981;Keeling LLC;S2-34077;38;39.05;1483.9;23.09.2014 0:44
218895;Kulas Inc;S2-34077;32;38.82;1242.24;23.09.2014 8:42
740150;Barton LLC;B1-53636;28;68.02;1904.56;23.09.2014 12:06
672390;Kuhn-Gusikowski;B1-86481;12;44.7;536.4;23.09.2014 13:13
714466;Trantow-Barrows;S2-83881;18;23.84;429.12;23.09.2014 18:31
307599;Kassulke, Ondricka and Metz;S1-50961;48;30.87;1481.76;23.09.2014 18:38
737550;Fritsch, Russel and Anderson;S1-50961;31;дек.75;395.25;23.09.2014 22:45
729833;Koepp Ltd;B1-05914;30;дек.68;380.4;24.09.2014 0:07
604255;Halvorson, Crona and Champlin;S2-00301;6;40.17;241.02;24.09.2014 4:07
257198;Cronin, Oberbrunner and Spencer;S1-93683;41;67.04;2748.64;24.09.2014 10:38
257198;Cronin, Oberbrunner and Spencer;S1-27722;46;61.51;2829.46;24.09.2014 13:48
383080;Will LLC;B1-33087;13;78.22;1016.86;24.09.2014 15:25
642753;Pollich LLC;S2-10342;46;36.3;1669.8;24.09.2014 16:32
218895;Kulas Inc;B1-53636;25;88.31;2207.75;25.09.2014 14:19
604255;Halvorson, Crona and Champlin;S2-34077;16;68.58;1097.28;25.09.2014 22:33
672390;Kuhn-Gusikowski;B1-53636;1;15.89;15.89;26.09.2014 1:44
527099;Sanford and Sons;S2-77896;25;70.49;1762.25;26.09.2014 2:07
163416;Purdy-Kunde;S1-47412;6;18.62;111.72;26.09.2014 16:35
141962;Herman LLC;S2-23246;37;93.57;3462.09;26.09.2014 18:46
786968;Frami, Hills and Schmidt;S2-10342;8;22.69;181.52;26.09.2014 21:55
307599;Kassulke, Ondricka and Metz;S1-82801;30;86.96;2608.8;27.09.2014 3:02
424914;White-Trantow;S2-11481;12;58.48;701.76;27.09.2014 8:53
714466;Trantow-Barrows;B1-53102;41;55.68;2282.88;27.09.2014 10:42
239344;Stokes LLC;S1-30248;31;43.76;1356.56;28.09.2014 9:44
604255;Halvorson, Crona and Champlin;B1-86481;10;65.09;650.9;28.09.2014 17:29
737550;Fritsch, Russel and Anderson;S2-00301;33;90.1;2973.3;28.09.2014 22:23
740150;Barton LLC;B1-86481;24;35.4;849.6;28.09.2014 22:48
383080;Will LLC;B1-38851;22;59.48;1308.56;29.09.2014 9:59
141962;Herman LLC;B1-20000;27;86.57;2337.39;29.09.2014 10:07
672390;Kuhn-Gusikowski;S1-06532;43;14.мар;614.9;29.09.2014 12:33
307599;Kassulke, Ondricka and Metz;S2-82423;13;21.май;273.65;29.09.2014 15:58
688981;Keeling LLC;B1-20000;28;56.42;1579.76;29.09.2014 17:55
714466;Trantow-Barrows;S1-50961;30;75.32;2259.6;30.09.2014 1:03
412290;Jerde-Hilpert;S1-06532;40;61.86;2474.4;30.09.2014 5:15
218895;Kulas Inc;S2-34077;21;91.12;1913.52;30.09.2014 19:36
307599;Kassulke, Ondricka and Metz;B1-50809;25;56.63;1415.75;01.10.2014 10:56
737550;Fritsch, Russel and Anderson;S2-82423;38;45.17;1716.46;01.10.2014 16:17
737550;Fritsch, Russel and Anderson;S1-47412;6;68.68;412.08;01.10.2014 22:28
146832;Kiehn-Spinka;S2-11481;13;18.авг;244.4;02.10.2014 0:31
424914;White-Trantow;B1-53102;9;94.47;850.23;02.10.2014 2:48
688981;Keeling LLC;S2-82423;19;29.17;554.23;02.10.2014 4:02
740150;Barton LLC;S1-47412;-1;48.18;-48.18;02.10.2014 10:32
257198;Cronin, Oberbrunner and Spencer;B1-20000;5;61.96;309.8;03.10.2014 13:41
740150;Barton LLC;B1-65551;5;68.06;340.3;03.10.2014 15:24
714466;Trantow-Barrows;B1-69924;32;54.51;1744.32;03.10.2014 17:56
527099;Sanford and Sons;B1-69924;-1;57.76;-57.76;04.10.2014 6:20
729833;Koepp Ltd;S2-11481;44;75.16;3307.04;04.10.2014 23:35
642753;Pollich LLC;B1-33087;26;34.33;892.58;05.10.2014 17:30
383080;Will LLC;S1-47412;27;13.76;371.52;06.10.2014 0:06
412290;Jerde-Hilpert;B1-86481;8;окт.17;81.36;06.10.2014 1:02
786968;Frami, Hills and Schmidt;B1-69924;28;72.09;2018.52;06.10.2014 2:47
257198;Cronin, Oberbrunner and Spencer;S2-11481;38;92.78;3525.64;06.10.2014 10:27
740150;Barton LLC;S1-47412;38;66.36;2521.68;06.10.2014 11:38
714466;Trantow-Barrows;S1-06532;10;50.18;501.8;06.10.2014 16:47
786968;Frami, Hills and Schmidt;S1-27722;9;37.53;337.77;06.10.2014 20:26
527099;Sanford and Sons;S2-77896;41;22.июл;930.7;06.10.2014 23:09
642753;Pollich LLC;S1-27722;37;56.11;2076.07;07.10.2014 0:16
412290;Jerde-Hilpert;B1-53102;23;94.64;2176.72;07.10.2014 11:05
642753;Pollich LLC;S1-30248;10;91.04;910.4;07.10.2014 17:04
239344;Stokes LLC;S2-16558;8;75.22;601.76;07.10.2014 19:14
163416;Purdy-Kunde;S2-16558;6;10.июл;64.2;07.10.2014 19:15
672390;Kuhn-Gusikowski;S2-83881;18;63.22;1137.96;07.10.2014 21:11
307599;Kassulke, Ondricka and Metz;S2-23246;6;88.9;533.4;08.10.2014 6:19
424914;White-Trantow;S2-10342;25;58.54;1463.5;08.10.2014 7:31
163416;Purdy-Kunde;S1-27722;22;34.41;757.02;08.10.2014 9:01
163416;Purdy-Kunde;B1-33087;7;79.29;555.03;08.10.2014 15:39
672390;Kuhn-Gusikowski;B1-38851;30;94.64;2839.2;09.10.2014 0:22
688981;Keeling LLC;S2-83881;30;дек.13;363.9;09.10.2014 5:54
257198;Cronin, Oberbrunner and Spencer;S2-34077;13;дек.24;159.12;10.10.2014 2:59
740150;Barton LLC;S1-65481;28;53;1484;10.10.2014 15:08
146832;Kiehn-Spinka;S1-27722;15;64.39;965.85;10.10.2014 18:24
257198;Cronin, Oberbrunner and Spencer;S2-16558;3;35.34;106.02;11.10.2014 1:48
737550;Fritsch, Russel and Anderson;B1-53636;10;56.95;569.5;11.10.2014 10:25
737550;Fritsch, Russel and Anderson;S1-06532;36;40.42;1455.12;11.10.2014 20:04
729833;Koepp Ltd;B1-53102;6;39.89;239.34;11.10.2014 20:43
163416;Purdy-Kunde;S1-06532;34;79.87;2715.58;12.10.2014 1:21
737550;Fritsch, Russel and Anderson;B1-33087;8;66.92;535.36;12.10.2014 7:35
239344;Stokes LLC;S1-93683;3;17.43;52.29;12.10.2014 8:56
737550;Fritsch, Russel and Anderson;B1-65551;17;58.4;992.8;12.10.2014 9:25
218895;Kulas Inc;S1-50961;13;86.24;1121.12;12.10.2014 19:25
163416;Purdy-Kunde;S2-83881;14;57.42;803.88;13.10.2014 4:28
714466;Trantow-Barrows;B1-05914;7;47.64;333.48;13.10.2014 11:02
218895;Kulas Inc;B1-33087;47;44.87;2108.89;13.10.2014 11:47
604255;Halvorson, Crona and Champlin;B1-33364;8;40.4;323.2;13.10.2014 12:18
163416;Purdy-Kunde;S1-82801;26;64.5;1677;13.10.2014 19:20
672390;Kuhn-Gusikowski;S2-23246;11;97.68;1074.48;13.10.2014 20:38
141962;Herman LLC;B1-38851;23;66.27;1524.21;13.10.2014 21:17
218895;Kulas Inc;S1-30248;9;14.35;129.15;13.10.2014 23:35
146832;Kiehn-Spinka;S1-82801;33;84.83;2799.39;14.10.2014 2:25
257198;Cronin, Oberbrunner and Spencer;S2-34077;30;66.85;2005.5;14.10.2014 5:16
383080;Will LLC;B1-04202;1;99.47;99.47;14.10.2014 8:29
218895;Kulas Inc;S2-77896;35;67.44;2360.4;14.10.2014 11:49
257198;Cronin, Oberbrunner and Spencer;S2-82423;38;29.дек;1106.56;14.10.2014 12:53
714466;Trantow-Barrows;S1-82801;13;44.27;575.51;14.10.2014 14:34
412290;Jerde-Hilpert;B1-86481;3;54.88;164.64;14.10.2014 17:17
737550;Fritsch, Russel and Anderson;B1-20000;12;36.79;441.48;15.10.2014 1:35
737550;Fritsch, Russel and Anderson;S1-50961;34;16.15;549.1;15.10.2014 6:41
412290;Jerde-Hilpert;S1-50961;1;34.27;34.27;15.10.2014 7:54
642753;Pollich LLC;S1-30248;35;43.02;1505.7;15.10.2014 12:00
424914;White-Trantow;B1-33087;20;99.11;1982.2;16.10.2014 17:57
412290;Jerde-Hilpert;S2-34077;44;64.51;2838.44;16.10.2014 22:37
642753;Pollich LLC;B1-04202;4;87.7;350.8;17.10.2014 1:15
740150;Barton LLC;S1-50961;13;21.75;282.75;17.10.2014 2:18
672390;Kuhn-Gusikowski;B1-53636;32;52.71;1686.72;17.10.2014 3:30
424914;White-Trantow;S2-23246;39;87.68;3419.52;17.10.2014 14:34
257198;Cronin, Oberbrunner and Spencer;S2-16558;15;57.8;867;18.10.2014 11:15
239344;Stokes LLC;B1-38851;26;68.81;1789.06;18.10.2014 12:15
604255;Halvorson, Crona and Champlin;B1-53102;41;55.05;2257.05;18.10.2014 19:27
141962;Herman LLC;S1-50961;40;35.36;1414.4;18.10.2014 20:40
307599;Kassulke, Ondricka and Metz;B1-53102;41;93.7;3841.7;18.10.2014 23:25
239344;Stokes LLC;S2-11481;2;33.63;67.26;19.10.2014 2:12
239344;Stokes LLC;B1-38851;35;80.06;2802.1;19.10.2014 4:53
740150;Barton LLC;B1-33364;31;ноя.75;364.25;19.10.2014 15:04
412290;Jerde-Hilpert;B1-86481;17;32.21;547.57;19.10.2014 15:25
424914;White-Trantow;B1-38851;45;46.74;2103.3;19.10.2014 16:03
424914;White-Trantow;B1-33364;46;92.43;4251.78;20.10.2014 10:39
257198;Cronin, Oberbrunner and Spencer;S1-30248;24;27.49;659.76;20.10.2014 17:07
737550;Fritsch, Russel and Anderson;S2-83881;40;30.81;1232.4;20.10.2014 19:04
714466;Trantow-Barrows;B1-65551;46;93.48;4300.08;21.10.2014 3:51
786968;Frami, Hills and Schmidt;B1-05914;42;26.36;1107.12;21.10.2014 4:33
424914;White-Trantow;B1-04202;27;54.04;1459.08;22.10.2014 2:58
527099;Sanford and Sons;B1-53636;23;26.44;608.12;22.10.2014 8:33
218895;Kulas Inc;S1-47412;43;67.06;2883.58;22.10.2014 13:09
714466;Trantow-Barrows;S2-10342;28;49.91;1397.48;23.10.2014 3:32
141962;Herman LLC;S1-82801;24;94.7;2272.8;23.10.2014 6:18
307599;Kassulke, Ondricka and Metz;S2-77896;42;95.08;3993.36;23.10.2014 11:27
383080;Will LLC;B1-33087;38;42.53;1616.14;23.10.2014 14:44
786968;Frami, Hills and Schmidt;S2-10342;43;69.18;2974.74;23.10.2014 18:33
218895;Kulas Inc;B1-33364;42;62.06;2606.52;23.10.2014 22:26
672390;Kuhn-Gusikowski;S2-82423;35;83.46;2921.1;24.10.2014 4:43
307599;Kassulke, Ondricka and Metz;B1-33087;17;20.19;343.23;24.10.2014 10:16
729833;Koepp Ltd;S2-00301;11;34.87;383.57;24.10.2014 11:37
412290;Jerde-Hilpert;S1-47412;39;60.8;2371.2;24.10.2014 12:56
714466;Trantow-Barrows;S2-78676;2;87.13;174.26;24.10.2014 13:01
737550;Fritsch, Russel and Anderson;S2-16558;34;81.82;2781.88;24.10.2014 21:56
146832;Kiehn-Spinka;B1-33087;12;22.95;275.4;25.10.2014 0:33
786968;Frami, Hills and Schmidt;B1-50809;17;27.87;473.79;25.10.2014 5:11
672390;Kuhn-Gusikowski;B1-04202;4;76.38;305.52;25.10.2014 5:42
141962;Herman LLC;S1-65481;6;10.мар;60.18;25.10.2014 7:53
257198;Cronin, Oberbrunner and Spencer;S1-50961;17;34.41;584.97;25.10.2014 18:53
163416;Purdy-Kunde;S2-82423;35;80.28;2809.8;25.10.2014 19:31
642753;Pollich LLC;B1-53636;9;42.17;379.53;25.10.2014 21:37
714466;Trantow-Barrows;S2-83881;18;57.63;1037.34;25.10.2014 22:44
672390;Kuhn-Gusikowski;B1-33364;29;20.51;594.79;26.10.2014 7:03
642753;Pollich LLC;S2-23246;18;28.июн;505.08;26.10.2014 23:30
786968;Frami, Hills and Schmidt;B1-04202;25;64.42;1610.5;27.10.2014 6:22
218895;Kulas Inc;B1-65551;44;38.48;1693.12;27.10.2014 13:59
729833;Koepp Ltd;B1-04202;45;99.6;4482;27.10.2014 14:17
412290;Jerde-Hilpert;B1-04202;5;15.апр;75.2;28.10.2014 1:10
424914;White-Trantow;S2-23246;46;94.94;4367.24;28.10.2014 3:16
383080;Will LLC;S2-78676;38;51.14;1943.32;28.10.2014 5:38
740150;Barton LLC;S2-34077;48;91.81;4406.88;28.10.2014 18:11
604255;Halvorson, Crona and Champlin;S1-50961;16;68.73;1099.68;29.10.2014 1:04
604255;Halvorson, Crona and Champlin;S1-65481;23;71.23;1638.29;29.10.2014 4:51
383080;Will LLC;S1-47412;23;37.36;859.28;29.10.2014 5:41
383080;Will LLC;S2-77896;40;54.89;2195.6;29.10.2014 6:40
729833;Koepp Ltd;B1-05914;5;77.17;385.85;29.10.2014 7:44
218895;Kulas Inc;B1-53636;30;95.05;2851.5;30.10.2014 23:03
527099;Sanford and Sons;S1-30248;12;18.14;217.68;31.10.2014 0:41
163416;Purdy-Kunde;S1-06532;21;53.18;1116.78;31.10.2014 15:35
412290;Jerde-Hilpert;S1-47412;47;66.21;3111.87;31.10.2014 18:47
239344;Stokes LLC;S1-82801;49;60.19;2949.31;01.11.2014 8:29
714466;Trantow-Barrows;S2-77896;20;68.35;1367;01.11.2014 14:26
642753;Pollich LLC;S1-93683;22;26.65;586.3;02.11.2014 1:12
218895;Kulas Inc;B1-38851;41;43.39;1778.99;02.11.2014 2:41
604255;Halvorson, Crona and Champlin;B1-05914;22;61.99;1363.78;02.11.2014 2:55
383080;Will LLC;S2-77896;48;16.май;770.4;02.11.2014 3:40
527099;Sanford and Sons;B1-04202;27;26.98;728.46;02.11.2014 6:47
239344;Stokes LLC;S1-27722;39;25.63;999.57;02.11.2014 11:01
163416;Purdy-Kunde;B1-69924;48;49.5;2376;03.11.2014 5:09
714466;Trantow-Barrows;S2-10342;44;35.28;1552.32;03.11.2014 23:59
786968;Frami, Hills and Schmidt;S1-82801;46;13.53;622.38;04.11.2014 0:43
527099;Sanford and Sons;B1-38851;21;58.6;1230.6;04.11.2014 8:53
218895;Kulas Inc;B1-65551;20;29.39;587.8;04.11.2014 17:03
412290;Jerde-Hilpert;S1-47412;18;51.86;933.48;04.11.2014 17:07
424914;White-Trantow;S2-11481;29;38.77;1124.33;04.11.2014 22:23
412290;Jerde-Hilpert;B1-38851;12;98.07;1176.84;05.11.2014 0:28
729833;Koepp Ltd;S2-00301;10;98.96;989.6;05.11.2014 9:29
412290;Jerde-Hilpert;S2-11481;11;95.98;1055.78;05.11.2014 12:35
412290;Jerde-Hilpert;B1-04202;10;33.88;338.8;05.11.2014 18:07
786968;Frami, Hills and Schmidt;S2-82423;35;51.49;1802.15;05.11.2014 19:02
672390;Kuhn-Gusikowski;S2-23246;-1;58.03;-58.03;05.11.2014 22:01
383080;Will LLC;S2-11481;32;54.19;1734.08;06.11.2014 6:08
146832;Kiehn-Spinka;S1-27722;1;22.47;22.47;06.11.2014 14:52
729833;Koepp Ltd;B1-53636;-1;22.18;-22.18;06.11.2014 15:28
729833;Koepp Ltd;S2-23246;47;45.16;2122.52;06.11.2014 17:39
307599;Kassulke, Ondricka and Metz;B1-04202;33;50.7;1673.1;08.11.2014 1:58
218895;Kulas Inc;B1-05914;2;43.22;86.44;08.11.2014 14:05
688981;Keeling LLC;S2-16558;4;98.79;395.16;08.11.2014 20:32
424914;White-Trantow;B1-53636;42;15.34;644.28;09.11.2014 18:25
786968;Frami, Hills and Schmidt;S2-16558;3;50.24;150.72;10.11.2014 16:46
714466;Trantow-Barrows;S1-06532;-1;64.63;-64.63;10.11.2014 16:57
146832;Kiehn-Spinka;B1-86481;8;35.67;285.36;10.11.2014 21:31
412290;Jerde-Hilpert;S2-82423;9;30.57;275.13;11.11.2014 1:42
672390;Kuhn-Gusikowski;B1-20000;4;30.54;122.16;11.11.2014 8:29
714466;Trantow-Barrows;B1-33364;19;24.77;470.63;11.11.2014 9:20
688981;Keeling LLC;S2-77896;15;18.58;278.7;11.11.2014 9:41
218895;Kulas Inc;B1-05914;15;32.53;487.95;11.11.2014 11:20
604255;Halvorson, Crona and Champlin;S1-82801;10;48.96;489.6;11.11.2014 17:52
257198;Cronin, Oberbrunner and Spencer;S1-06532;6;44.38;266.28;11.11.2014 19:01
786968;Frami, Hills and Schmidt;S2-83881;33;62.04;2047.32;11.11.2014 19:44
307599;Kassulke, Ondricka and Metz;B1-33087;24;40.48;971.52;11.11.2014 22:08
672390;Kuhn-Gusikowski;S1-30248;39;62.7;2445.3;11.11.2014 22:14
239344;Stokes LLC;S1-30248;35;21.53;753.55;11.11.2014 23:02
146832;Kiehn-Spinka;S2-82423;33;52.2;1722.6;12.11.2014 4:33
239344;Stokes LLC;S2-16558;4;37.23;148.92;12.11.2014 7:29
642753;Pollich LLC;S1-27722;12;96.47;1157.64;13.11.2014 4:15
737550;Fritsch, Russel and Anderson;B1-69924;7;26.31;184.17;13.11.2014 10:14
672390;Kuhn-Gusikowski;S1-50961;6;86.88;521.28;14.11.2014 7:34
642753;Pollich LLC;B1-69924;37;27.39;1013.43;14.11.2014 8:56
257198;Cronin, Oberbrunner and Spencer;S1-65481;33;66.33;2188.89;14.11.2014 13:01
307599;Kassulke, Ondricka and Metz;B1-53636;22;42.84;942.48;14.11.2014 16:16
141962;Herman LLC;B1-20000;34;84.81;2883.54;14.11.2014 18:26
424914;White-Trantow;S2-82423;26;92.75;2411.5;14.11.2014 20:07
642753;Pollich LLC;B1-04202;25;20.69;517.25;14.11.2014 20:40
740150;Barton LLC;S1-82801;28;70;1960;15.11.2014 12:29
424914;White-Trantow;S2-34077;11;43.44;477.84;15.11.2014 17:26
642753;Pollich LLC;S2-10342;1;82.74;82.74;15.11.2014 22:38
604255;Halvorson, Crona and Champlin;B1-33364;33;65.57;2163.81;16.11.2014 3:05
737550;Fritsch, Russel and Anderson;B1-53636;32;52.16;1669.12;16.11.2014 18:43
672390;Kuhn-Gusikowski;S1-47412;44;65.26;2871.44;17.11.2014 3:45
688981;Keeling LLC;B1-65551;44;18.48;813.12;17.11.2014 18:07
307599;Kassulke, Ondricka and Metz;S2-10342;41;73.14;2998.74;17.11.2014 20:10
527099;Sanford and Sons;S1-65481;32;32.97;1055.04;18.11.2014 11:29
740150;Barton LLC;S1-93683;21;71.34;1498.14;18.11.2014 15:14
642753;Pollich LLC;S2-11481;13;82.43;1071.59;18.11.2014 22:21
688981;Keeling LLC;B1-33364;48;57.81;2774.88;19.11.2014 4:30
688981;Keeling LLC;S2-78676;41;88.08;3611.28;19.11.2014 19:47
424914;White-Trantow;S1-06532;33;68.74;2268.42;19.11.2014 23:45
307599;Kassulke, Ondricka and Metz;B1-20000;2;94.32;188.64;20.11.2014 0:07
239344;Stokes LLC;S1-06532;39;26.94;1050.66;20.11.2014 1:37
307599;Kassulke, Ondricka and Metz;S1-06532;20;45.26;905.2;20.11.2014 10:13
218895;Kulas Inc;B1-04202;4;38.16;152.64;20.11.2014 11:04
688981;Keeling LLC;B1-05914;9;78.22;703.98;20.11.2014 14:56
412290;Jerde-Hilpert;B1-50809;48;59.52;2856.96;20.11.2014 17:58
729833;Koepp Ltd;S2-23246;9;18.81;169.29;20.11.2014 23:59
642753;Pollich LLC;S2-10342;12;92.65;1111.8;21.11.2014 12:28
737550;Fritsch, Russel and Anderson;S1-50961;25;91.05;2276.25;21.11.2014 13:22
672390;Kuhn-Gusikowski;S2-82423;15;25.45;381.75;21.11.2014 16:30
737550;Fritsch, Russel and Anderson;B1-20000;40;18.64;745.6;22.11.2014 1:17
740150;Barton LLC;S2-77896;30;41.4;1242;22.11.2014 5:10
424914;White-Trantow;S2-34077;25;41.43;1035.75;22.11.2014 9:11
527099;Sanford and Sons;B1-50809;29;29.57;857.53;22.11.2014 18:03
737550;Fritsch, Russel and Anderson;S2-77896;18;ноя.52;207.36;22.11.2014 18:16
740150;Barton LLC;B1-53102;6;33.5;201;23.11.2014 0:20
257198;Cronin, Oberbrunner and Spencer;B1-04202;28;87.23;2442.44;23.11.2014 2:32
786968;Frami, Hills and Schmidt;B1-50809;16;63.96;1023.36;23.11.2014 17:45
729833;Koepp Ltd;S2-82423;20;56.96;1139.2;23.11.2014 18:39
307599;Kassulke, Ondricka and Metz;B1-53102;9;50.08;450.72;24.11.2014 2:23
146832;Kiehn-Spinka;S2-83881;10;79.34;793.4;24.11.2014 3:08
672390;Kuhn-Gusikowski;S1-30248;20;32.12;642.4;24.11.2014 15:38
672390;Kuhn-Gusikowski;S2-11481;11;24.69;271.59;24.11.2014 22:53
412290;Jerde-Hilpert;S2-10342;26;18.сен;491.4;25.11.2014 3:29
218895;Kulas Inc;S1-30248;14;66.61;932.54;25.11.2014 17:33
729833;Koepp Ltd;B1-53102;27;17.92;483.84;26.11.2014 17:26
714466;Trantow-Barrows;S1-47412;26;99.65;2590.9;26.11.2014 18:35
714466;Trantow-Barrows;S1-50961;13;48.76;633.88;26.11.2014 22:36
239344;Stokes LLC;S2-78676;20;дек.84;256.8;27.11.2014 0:56
257198;Cronin, Oberbrunner and Spencer;S2-00301;35;32.1;1123.5;27.11.2014 2:30
642753;Pollich LLC;S2-34077;13;44.67;580.71;27.11.2014 9:21
218895;Kulas Inc;B1-50809;1;39.82;39.82;27.11.2014 19:19
307599;Kassulke, Ondricka and Metz;B1-20000;22;32.11;706.42;27.11.2014 22:22
141962;Herman LLC;B1-53636;37;58.53;2165.61;28.11.2014 0:32
218895;Kulas Inc;S2-77896;4;20.79;83.16;28.11.2014 1:22
146832;Kiehn-Spinka;B1-53636;2;90.41;180.82;28.11.2014 12:39
527099;Sanford and Sons;B1-53636;33;89.77;2962.41;28.11.2014 12:48
642753;Pollich LLC;S2-23246;5;42.55;212.75;28.11.2014 19:53
424914;White-Trantow;B1-69924;37;42.77;1582.49;29.11.2014 14:29
383080;Will LLC;B1-69924;9;78.44;705.96;29.11.2014 15:08
737550;Fritsch, Russel and Anderson;B1-38851;11;49.48;544.28;29.11.2014 23:13
688981;Keeling LLC;S2-10342;6;76.88;461.28;30.11.2014 5:35
737550;Fritsch, Russel and Anderson;B1-69924;30;20.21;606.3;30.11.2014 16:52
786968;Frami, Hills and Schmidt;B1-38851;33;47.73;1575.09;30.11.2014 20:07
688981;Keeling LLC;S2-82423;5;49.06;245.3;30.11.2014 22:43
688981;Keeling LLC;B1-69924;13;79.02;1027.26;30.11.2014 23:54
714466;Trantow-Barrows;S1-82801;3;77.97;233.91;01.12.2014 20:15
146832;Kiehn-Spinka;S2-23246;37;57.81;2138.97;02.12.2014 20:00
218895;Kulas Inc;S2-77896;30;77.44;2323.2;03.12.2014 4:43
141962;Herman LLC;B1-53102;20;26.дек;522.4;03.12.2014 6:05
642753;Pollich LLC;B1-53636;19;71.21;1352.99;03.12.2014 14:17
729833;Koepp Ltd;B1-33087;49;96.09;4708.41;03.12.2014 15:38
642753;Pollich LLC;B1-53636;28;84.94;2378.32;03.12.2014 18:55
146832;Kiehn-Spinka;S2-00301;-1;54.02;-54.02;04.12.2014 6:42
257198;Cronin, Oberbrunner and Spencer;S2-77896;40;57.97;2318.8;04.12.2014 10:10
257198;Cronin, Oberbrunner and Spencer;S2-78676;31;55.18;1710.58;04.12.2014 14:31
642753;Pollich LLC;B1-05914;13;42.9;557.7;04.12.2014 16:02
729833;Koepp Ltd;B1-20000;6;54.26;325.56;05.12.2014 5:06
642753;Pollich LLC;B1-69924;33;86.31;2848.23;05.12.2014 18:46
737550;Fritsch, Russel and Anderson;B1-69924;29;58.03;1682.87;05.12.2014 20:26
307599;Kassulke, Ondricka and Metz;B1-65551;26;63.17;1642.42;06.12.2014 2:59
146832;Kiehn-Spinka;S1-06532;36;53.04;1909.44;06.12.2014 7:08
688981;Keeling LLC;S1-93683;45;70.06;3152.7;06.12.2014 13:15
642753;Pollich LLC;S1-50961;23;80.91;1860.93;06.12.2014 17:16
383080;Will LLC;B1-33364;46;93.5;4301;06.12.2014 18:27
672390;Kuhn-Gusikowski;S1-50961;8;92.19;737.52;07.12.2014 6:03
786968;Frami, Hills and Schmidt;S1-65481;49;30.33;1486.17;07.12.2014 11:34
424914;White-Trantow;S1-47412;16;65.58;1049.28;07.12.2014 15:15
141962;Herman LLC;B1-33087;28;38.28;1071.84;07.12.2014 22:55
218895;Kulas Inc;S2-77896;12;56.57;678.84;07.12.2014 23:42
688981;Keeling LLC;B1-69924;23;91.84;2112.32;08.12.2014 11:53
714466;Trantow-Barrows;S1-30248;34;26.96;916.64;08.12.2014 16:23
604255;Halvorson, Crona and Champlin;S1-93683;13;61.88;804.44;08.12.2014 19:57
786968;Frami, Hills and Schmidt;S2-00301;46;93.77;4313.42;08.12.2014 22:55
412290;Jerde-Hilpert;B1-04202;22;34.65;762.3;09.12.2014 3:04
737550;Fritsch, Russel and Anderson;B1-65551;9;84.64;761.76;09.12.2014 5:43
714466;Trantow-Barrows;B1-69924;10;99.61;996.1;09.12.2014 12:13
424914;White-Trantow;B1-86481;46;28.89;1328.94;09.12.2014 13:03
714466;Trantow-Barrows;S1-47412;49;60.05;2942.45;09.12.2014 21:18
740150;Barton LLC;S2-10342;28;77.48;2169.44;09.12.2014 22:48
146832;Kiehn-Spinka;S2-83881;3;93.96;281.88;10.12.2014 7:57
383080;Will LLC;S2-11481;31;46.44;1439.64;10.12.2014 21:19
786968;Frami, Hills and Schmidt;S2-78676;5;44.85;224.25;10.12.2014 22:21
604255;Halvorson, Crona and Champlin;S2-11481;20;42.09;841.8;11.12.2014 2:39
786968;Frami, Hills and Schmidt;S1-06532;46;46.31;2130.26;11.12.2014 6:26
239344;Stokes LLC;B1-05914;37;16.май;610.5;11.12.2014 18:34
307599;Kassulke, Ondricka and Metz;S2-11481;8;11.янв;88.08;12.12.2014 0:29
740150;Barton LLC;S2-16558;25;17.65;441.25;12.12.2014 1:41
424914;White-Trantow;S1-82801;21;95.75;2010.75;12.12.2014 3:31
412290;Jerde-Hilpert;S2-10342;35;65.68;2298.8;12.12.2014 4:28
672390;Kuhn-Gusikowski;B1-38851;35;86.12;3014.2;12.12.2014 7:02
729833;Koepp Ltd;S2-78676;12;40.66;487.92;12.12.2014 10:38
383080;Will LLC;B1-33364;27;54.35;1467.45;12.12.2014 13:44
412290;Jerde-Hilpert;B1-53636;27;29.75;803.25;12.12.2014 16:30
383080;Will LLC;B1-65551;17;35;595;12.12.2014 16:50
786968;Frami, Hills and Schmidt;S2-00301;17;83.59;1421.03;12.12.2014 18:31
642753;Pollich LLC;S1-47412;34;78.97;2684.98;13.12.2014 2:13
737550;Fritsch, Russel and Anderson;S2-23246;45;87.63;3943.35;13.12.2014 7:09
714466;Trantow-Barrows;S2-83881;8;26.май;212;13.12.2014 14:40
218895;Kulas Inc;B1-20000;12;44.9;538.8;13.12.2014 16:18
141962;Herman LLC;S2-10342;30;39.04;1171.2;13.12.2014 23:36
737550;Fritsch, Russel and Anderson;B1-33364;38;85.07;3232.66;14.12.2014 1:08
688981;Keeling LLC;S1-30248;30;31.79;953.7;14.12.2014 4:51
163416;Purdy-Kunde;B1-33087;49;40.91;2004.59;14.12.2014 16:58
672390;Kuhn-Gusikowski;S1-65481;9;72.82;655.38;15.12.2014 18:35
146832;Kiehn-Spinka;S1-93683;13;71.48;929.24;15.12.2014 22:24
604255;Halvorson, Crona and Champlin;S1-82801;3;30.сен;92.7;16.12.2014 5:36
714466;Trantow-Barrows;B1-69924;39;95.19;3712.41;16.12.2014 12:20
141962;Herman LLC;S2-16558;10;82.95;829.5;16.12.2014 12:40
412290;Jerde-Hilpert;S1-27722;12;29.21;350.52;16.12.2014 18:50
218895;Kulas Inc;B1-33087;46;22;1012;16.12.2014 21:13
737550;Fritsch, Russel and Anderson;S1-93683;18;67.54;1215.72;16.12.2014 23:12
527099;Sanford and Sons;S1-27722;27;41.9;1131.3;17.12.2014 20:59
146832;Kiehn-Spinka;B1-53102;4;49.38;197.52;18.12.2014 0:03
424914;White-Trantow;S2-83881;5;88.19;440.95;18.12.2014 0:46
307599;Kassulke, Ondricka and Metz;S1-82801;30;54.3;1629;18.12.2014 8:17
146832;Kiehn-Spinka;S2-34077;43;81.18;3490.74;18.12.2014 8:52
737550;Fritsch, Russel and Anderson;S2-77896;5;97.4;487;18.12.2014 12:32
688981;Keeling LLC;S1-27722;24;67.61;1622.64;18.12.2014 20:38
383080;Will LLC;S2-10342;45;66.52;2993.4;19.12.2014 1:41
239344;Stokes LLC;S2-16558;9;26.72;240.48;19.12.2014 13:54
688981;Keeling LLC;B1-05914;44;85.84;3776.96;19.12.2014 17:45
307599;Kassulke, Ondricka and Metz;S1-27722;2;98.43;196.86;19.12.2014 20:55
604255;Halvorson, Crona and Champlin;B1-50809;19;дек.23;232.37;20.12.2014 0:31
141962;Herman LLC;S1-65481;20;42.28;845.6;20.12.2014 9:11
527099;Sanford and Sons;S1-50961;42;24.29;1020.18;20.12.2014 16:49
688981;Keeling LLC;S2-34077;17;45.88;779.96;21.12.2014 7:54
412290;Jerde-Hilpert;B1-33087;33;82.64;2727.12;21.12.2014 8:48
146832;Kiehn-Spinka;S2-34077;41;90.07;3692.87;22.12.2014 2:20
257198;Cronin, Oberbrunner and Spencer;S2-34077;33;71.59;2362.47;22.12.2014 2:46
642753;Pollich LLC;S1-93683;10;47.67;476.7;22.12.2014 10:18
218895;Kulas Inc;S1-50961;35;35.69;1249.15;22.12.2014 14:58
786968;Frami, Hills and Schmidt;B1-33087;44;46.49;2045.56;22.12.2014 17:18
729833;Koepp Ltd;B1-65551;40;53.9;2156;22.12.2014 23:25
257198;Cronin, Oberbrunner and Spencer;B1-50809;6;28.73;172.38;23.12.2014 7:53
218895;Kulas Inc;S2-00301;-1;63.08;-63.08;23.12.2014 8:29
218895;Kulas Inc;S2-00301;9;40.83;367.47;23.12.2014 8:44
786968;Frami, Hills and Schmidt;S1-30248;48;33.79;1621.92;24.12.2014 7:10
740150;Barton LLC;B1-53102;3;54.07;162.21;24.12.2014 7:16
729833;Koepp Ltd;B1-86481;43;26.47;1138.21;24.12.2014 9:50
239344;Stokes LLC;B1-05914;46;82.07;3775.22;24.12.2014 18:04
729833;Koepp Ltd;S1-50961;24;13;312;24.12.2014 19:33
141962;Herman LLC;B1-05914;7;32;224;24.12.2014 22:54
307599;Kassulke, Ondricka and Metz;S1-50961;9;96.54;868.86;25.12.2014 0:04
163416;Purdy-Kunde;S1-30248;42;43.69;1834.98;25.12.2014 1:22
146832;Kiehn-Spinka;S1-82801;26;85.59;2225.34;25.12.2014 3:48
163416;Purdy-Kunde;S2-77896;9;23.58;212.22;25.12.2014 6:14
672390;Kuhn-Gusikowski;S2-83881;11;50.25;552.75;26.12.2014 6:53
729833;Koepp Ltd;S1-47412;31;85.9;2662.9;26.12.2014 8:30
688981;Keeling LLC;S2-82423;15;56.64;849.6;26.12.2014 13:18
737550;Fritsch, Russel and Anderson;B1-04202;6;58.78;352.68;26.12.2014 18:31
424914;White-Trantow;S2-00301;-1;22.99;-22.99;27.12.2014 7:14
257198;Cronin, Oberbrunner and Spencer;S1-50961;5;89.19;445.95;28.12.2014 9:19
786968;Frami, Hills and Schmidt;S1-47412;39;49.46;1928.94;28.12.2014 10:11
239344;Stokes LLC;S1-93683;47;25.48;1197.56;28.12.2014 13:21
604255;Halvorson, Crona and Champlin;B1-86481;40;23.23;929.2;29.12.2014 13:32
257198;Cronin, Oberbrunner and Spencer;S2-77896;19;33.18;630.42;29.12.2014 14:23
714466;Trantow-Barrows;B1-53102;32;34.71;1110.72;29.12.2014 17:43
146832;Kiehn-Spinka;S1-50961;27;95.9;2589.3;30.12.2014 2:25
786968;Frami, Hills and Schmidt;B1-86481;8;74.01;592.08;30.12.2014 12:38
737550;Fritsch, Russel and Anderson;S1-06532;12;55.8;669.6;30.12.2014 13:38
786968;Frami, Hills and Schmidt;S1-06532;37;13.14;486.18;30.12.2014 21:42
239344;Stokes LLC;S2-10342;14;38.75;542.5;30.12.2014 22:45
642753;Pollich LLC;S2-82423;3;65.97;197.91;31.12.2014 10:36
383080;Will LLC;S2-00301;38;46.44;1764.72;31.12.2014 12:48
